,X1,X2,X3,X4,X5,X6,X7,X8,X9,Target
0,0.5,1.4,0.3,-1.0,-0.7,-0.4,-1.1,0.4,0.7,1
1,-0.1,0.9,0.1,0.1,0.0,-0.5,-0.6,0.1,-0.1,0
2,0.6,0.1,-0.1,-0.2,-0.0,-1.8,-0.9,-0.0,0.1,1
3,1.5,-0.6,0.4,2.8,0.7,-0.3,-0.5,-0.2,-0.9,1
4,-0.2,0.7,-0.8,-0.1,-1.8,0.7,-0.2,-0.6,-0.1,0
5,-0.2,0.4,0.1,0.3,0.6,-1.3,0.8,0.0,-0.1,0
6,1.6,0.9,1.1,0.8,-2.2,1.0,-0.3,1.0,1.4,1
7,0.8,0.6,0.2,-1.2,-0.5,0.5,-1.6,0.1,0.5,1
8,-0.5,1.0,0.4,-0.5,-0.3,-0.7,1.1,0.4,-0.5,0
9,0.5,-0.5,0.6,-0.2,0.9,-0.1,-0.8,-0.3,-0.2,1
10,-0.5,1.3,-0.7,0.0,-0.3,1.6,-0.1,-0.9,-0.6,0
11,-0.5,0.2,-0.6,-0.7,-1.7,0.7,0.4,-0.1,-0.1,0
12,0.2,2.1,0.3,-0.3,-0.8,0.0,0.2,0.6,0.4,0
13,-1.9,-0.7,-1.6,2.7,-0.6,-0.2,1.1,1.1,1.3,0
14,-1.7,1.7,0.1,1.0,-0.0,0.1,0.5,0.2,-2.9,0
15,-0.6,0.2,-0.3,-0.6,-0.7,-0.5,-0.9,-0.1,-0.1,0
16,-1.0,-0.7,-0.8,1.5,-0.9,-2.1,2.2,0.6,0.7,0
17,0.3,-0.5,-1.0,-0.8,0.2,2.0,0.2,0.5,-0.2,0
18,-0.9,-0.3,-0.2,0.4,-0.6,0.2,-0.1,0.1,0.3,1
19,-1.4,0.4,-1.2,-0.8,-0.7,0.4,1.0,-0.5,-0.6,0
20,1.5,0.5,0.9,1.8,2.6,-0.1,0.2,0.4,0.8,1
21,-0.2,-0.6,-0.1,0.1,-1.5,-0.7,0.4,0.1,0.1,0
22,0.1,-0.0,0.7,-0.0,-1.5,-0.2,2.5,-0.0,-0.0,1
23,-1.4,2.1,-0.7,-1.6,0.4,-1.6,-0.3,-1.5,-2.9,0
24,-0.5,1.7,-1.2,0.9,-1.3,2.3,-0.3,-2.0,-0.8,0
25,0.1,0.4,0.3,-0.0,-0.2,-1.2,0.1,0.1,0.0,1
26,-1.2,0.0,0.3,-0.2,-0.6,-1.0,1.1,0.0,-0.0,0
27,0.4,0.1,0.8,0.2,0.1,-0.4,-1.5,0.1,0.0,1
28,-0.6,0.6,-0.0,0.3,1.6,1.3,-2.0,-0.0,-0.4,0
29,-0.3,-1.0,-0.7,-0.0,0.5,0.0,-0.6,0.7,0.3,1
30,-0.6,-0.3,0.0,1.5,0.9,-1.2,-1.6,-0.0,0.2,0
31,1.9,-1.7,-0.0,-1.3,-1.4,1.3,-0.4,0.0,-3.2,1
32,-0.0,0.4,0.4,-0.0,-1.0,0.7,0.5,0.2,-0.0,1
33,-1.1,0.6,-0.1,1.1,-2.9,0.5,-0.9,-0.1,-0.7,0
34,0.8,-0.5,0.8,0.0,-0.4,0.7,-1.4,-0.4,-0.4,1
35,-1.2,1.6,1.3,-0.5,1.6,2.4,0.1,2.1,-1.9,0
36,0.2,-1.2,-0.1,-0.1,0.5,2.2,0.9,0.1,-0.2,0
37,-2.0,-1.5,-1.7,-0.3,-1.1,-0.7,-1.7,2.6,3.0,0
38,-1.3,0.2,-0.6,1.3,-0.3,1.6,0.8,-0.1,-0.3,0
39,0.2,1.0,-0.5,-0.0,-0.9,0.4,0.8,-0.5,0.2,0
40,0.7,1.7,0.5,0.4,0.5,0.5,1.0,0.8,1.2,1
41,0.2,-0.5,-0.3,0.0,0.6,-1.7,1.2,0.2,-0.1,0
42,-0.1,1.1,0.0,0.1,-1.6,-0.2,2.2,0.0,-0.1,0
43,-0.3,-0.0,-0.1,-0.1,0.2,-0.8,-0.4,0.0,0.0,0
44,-1.5,-0.2,-1.2,-1.1,0.3,0.8,0.1,0.2,0.3,0
45,-0.7,0.9,0.5,1.4,-0.2,1.1,-0.4,0.4,-0.6,0
46,-0.5,0.7,-0.0,-0.6,0.7,-2.1,0.0,-0.0,-0.4,0
47,1.1,-1.6,0.1,-0.4,2.9,-0.0,1.5,-0.2,-1.8,1
48,0.3,1.5,0.4,0.1,0.1,1.1,-1.3,0.6,0.4,0
49,-1.8,1.4,-0.4,-2.2,0.2,-0.2,-0.9,-0.6,-2.5,0
50,0.3,-0.6,0.4,-0.4,-0.5,0.7,1.4,-0.2,-0.2,1
51,-0.4,0.4,-0.5,0.3,-0.1,0.4,1.0,-0.2,-0.2,0
52,-0.7,0.5,-0.5,0.2,0.2,0.3,-0.4,-0.2,-0.4,0
53,0.6,0.3,0.2,-0.5,0.3,-0.3,0.9,0.1,0.2,1
54,1.0,-0.6,-0.4,1.7,-1.2,-1.2,0.3,0.2,-0.6,1
55,0.9,-0.7,-0.2,-0.8,0.1,-1.1,1.5,0.1,-0.6,0
56,-0.8,-0.0,-0.6,0.4,1.2,0.7,0.1,0.0,0.0,0
57,-0.3,1.2,0.6,-0.1,0.7,0.0,1.0,0.7,-0.4,0
58,0.3,0.5,0.4,-0.4,1.2,-0.1,2.6,0.2,0.2,1
59,1.0,-0.4,0.5,-0.4,0.0,-0.4,0.6,-0.2,-0.4,1
60,-0.5,0.8,0.4,-0.2,0.9,-0.3,0.0,0.3,-0.4,1
61,-0.2,-2.8,-1.0,0.1,-0.2,1.0,0.7,2.8,0.6,1
62,-1.1,1.1,-0.0,0.1,-1.0,-0.3,-0.4,-0.0,-1.2,0
63,-1.2,-1.7,-1.2,0.6,-0.3,-1.3,2.4,2.0,2.0,1
64,0.8,-0.4,0.4,-1.2,-0.8,0.7,0.2,-0.2,-0.3,1
65,1.4,-1.1,0.1,0.5,-0.6,-0.2,-0.3,-0.1,-1.5,1
66,-0.1,-1.3,-1.7,-0.2,-0.7,0.0,-0.8,2.2,0.1,0
67,1.0,1.2,0.8,0.0,0.7,1.6,1.1,1.0,1.2,1
68,0.4,-0.5,0.8,0.1,-0.8,-0.0,0.9,-0.4,-0.2,1
69,-0.6,0.3,0.3,-0.4,1.2,0.3,-0.5,0.1,-0.2,0
70,0.4,-0.0,0.7,-0.5,0.9,-1.2,0.6,-0.0,-0.0,1
71,1.5,0.5,1.5,2.6,0.0,-0.2,-1.5,0.8,0.8,1
72,-0.0,0.1,0.1,-0.0,-1.5,0.6,0.2,0.0,-0.0,0
73,1.6,-1.3,0.5,2.6,0.1,-1.6,0.5,-0.6,-2.1,1
74,-2.6,1.0,-1.3,1.9,-1.1,0.2,1.7,-1.3,-2.6,0
75,0.8,-0.5,0.1,1.5,0.2,0.1,-0.8,-0.0,-0.4,1
76,0.1,-1.6,-0.1,0.1,-0.4,0.0,-1.3,0.2,-0.2,1
77,-0.3,-0.4,0.3,-0.2,-1.9,1.0,-0.9,-0.1,0.1,1
78,0.1,1.5,0.4,0.0,-0.2,0.3,-1.3,0.6,0.2,0
79,-2.0,0.9,-1.0,0.5,-0.8,1.5,1.3,-0.9,-1.8,0
80,-0.2,-0.3,-0.2,-0.2,0.5,-1.0,1.5,0.1,0.1,1
81,0.4,-0.3,0.4,0.1,-0.5,0.1,0.3,-0.1,-0.1,1
82,1.5,-0.3,-0.1,-3.0,1.6,0.1,1.2,0.0,-0.4,1
83,-0.5,2.1,-0.8,0.6,-2.3,-1.1,0.1,-1.7,-1.0,0
84,-0.8,0.4,-0.6,0.1,1.0,1.0,-0.1,-0.2,-0.3,0
85,-0.5,0.4,-0.7,-0.2,-0.6,2.3,-0.3,-0.3,-0.2,0
86,0.9,1.0,0.5,-0.1,1.1,-0.0,-0.3,0.5,0.9,1
87,0.3,0.2,0.1,0.4,0.1,0.5,-1.5,0.0,0.1,0
88,-0.5,-0.3,-0.6,1.0,0.8,0.1,0.3,0.2,0.2,0
89,0.5,-0.2,0.9,0.1,0.1,-0.7,-0.0,-0.2,-0.1,1
90,0.1,-0.1,0.2,-0.2,-1.0,-1.8,0.7,-0.0,-0.0,0
91,1.0,-0.0,0.7,0.8,1.8,-0.7,0.1,-0.0,-0.0,1
92,-0.7,0.7,0.2,0.1,-0.0,-1.4,-0.2,0.1,-0.5,0
93,-0.3,0.1,-0.7,-0.1,-0.1,1.7,-0.9,-0.1,-0.0,0
94,-0.4,0.7,0.5,0.3,1.5,-0.1,0.1,0.4,-0.3,0
95,-1.5,-0.1,-0.8,-1.9,-1.4,-0.3,0.7,0.1,0.2,0
96,0.3,0.1,0.5,0.3,0.8,0.9,-1.1,0.0,0.0,1
97,0.3,-2.0,-1.0,0.2,-1.1,-1.1,0.1,2.0,-0.6,1
98,0.0,0.9,-0.5,-0.0,-0.4,-0.8,0.2,-0.4,0.0,0
99,-0.2,0.3,0.4,-0.1,0.3,0.1,-0.7,0.1,-0.1,0
100,-1.4,1.0,-0.2,1.0,-1.6,1.0,-0.6,-0.2,-1.4,0
101,-0.4,-2.9,-1.5,-0.3,-1.5,0.5,0.2,4.4,1.2,1
102,-0.3,2.1,0.0,-0.5,1.4,0.2,-1.1,0.0,-0.6,0
103,-0.8,-0.1,0.1,-0.9,0.9,0.1,0.3,-0.0,0.1,0
104,-0.2,1.1,-0.4,0.1,-0.3,0.4,-0.9,-0.4,-0.2,0
105,0.4,-1.0,0.7,0.1,0.6,0.2,1.1,-0.7,-0.4,1
106,1.9,0.6,0.7,-2.5,0.1,-1.0,2.3,0.4,1.1,1
107,0.2,-1.1,0.1,0.1,1.4,0.0,-0.9,-0.1,-0.2,1
108,0.3,-0.6,-0.2,0.1,-0.3,-1.1,0.5,0.1,-0.2,0
109,-0.1,1.9,0.8,0.2,0.6,0.1,-0.7,1.5,-0.2,0
110,-1.9,-0.2,-1.3,2.2,0.5,-0.5,1.0,0.3,0.4,0
111,-0.0,0.2,-0.0,0.0,-0.8,2.5,-1.3,-0.0,-0.0,0
112,0.1,0.9,0.3,-0.0,1.7,-0.0,0.5,0.3,0.1,1
113,2.5,0.5,0.9,-3.0,-1.1,-1.4,-0.9,0.4,1.2,1
114,-0.2,0.2,0.3,-0.1,1.8,-0.1,-0.2,0.1,-0.0,1
115,0.3,0.4,0.0,0.1,-0.4,0.5,-1.0,0.0,0.1,0
116,-0.0,2.4,0.6,0.0,0.1,1.7,0.8,1.4,-0.0,0
117,-1.2,-0.1,-1.1,0.9,-2.4,-0.6,-0.8,0.1,0.1,0
118,1.1,0.2,-0.7,1.2,-0.8,-1.6,0.6,-0.1,0.2,0
119,0.8,1.1,0.6,1.3,-0.7,0.8,-0.3,0.7,0.9,1
120,0.8,1.1,1.9,-0.4,0.3,-1.4,-0.1,2.1,0.9,1
121,-0.9,1.2,0.3,0.6,0.0,-0.4,0.1,0.4,-1.1,0
122,1.4,0.6,0.9,0.7,1.4,-0.3,-0.8,0.5,0.8,1
123,-1.4,-1.1,-1.2,0.5,-0.4,-0.1,0.2,1.3,1.5,0
124,0.6,1.6,0.8,-0.1,0.7,0.7,1.5,1.3,1.0,1
125,2.2,-1.1,1.0,1.6,-0.6,-0.7,-0.8,-1.1,-2.4,1
126,-1.0,0.3,-1.0,1.9,-1.4,-0.3,1.2,-0.3,-0.3,0
127,-0.6,-0.8,0.0,-0.8,1.8,-0.0,1.5,-0.0,0.5,1
128,0.1,-0.1,0.4,0.0,-0.5,0.1,-0.8,-0.0,-0.0,1
129,-0.5,0.3,0.2,0.2,1.8,0.1,-1.5,0.1,-0.2,1
130,-1.6,0.3,-0.5,0.1,-0.5,0.4,0.3,-0.2,-0.5,0
131,0.1,0.4,0.2,-0.0,0.1,0.8,-0.5,0.1,0.0,0
132,-1.1,1.6,0.3,1.9,1.2,0.4,1.9,0.5,-1.8,0
133,0.5,0.5,0.7,0.7,1.6,0.5,0.0,0.4,0.2,1
134,-0.9,-0.2,-0.7,-0.0,-0.5,-1.6,-0.8,0.1,0.2,0
135,1.5,1.0,0.8,0.7,0.0,0.1,-1.1,0.8,1.5,1
136,-0.8,1.2,0.0,-0.8,-0.1,0.5,1.1,0.0,-1.0,0
137,-0.3,-1.2,0.3,0.3,0.5,0.7,-0.6,-0.4,0.4,1
138,0.8,0.6,-0.0,0.4,0.9,-0.7,0.0,-0.0,0.5,1
139,-1.2,0.7,-1.1,0.3,-0.5,-0.7,1.0,-0.8,-0.8,0
140,0.2,-0.3,0.1,0.2,0.7,-0.6,-0.5,-0.0,-0.1,0
141,1.3,1.4,1.1,-2.8,2.2,0.5,-0.0,1.5,1.8,1
142,-1.6,-0.2,-0.8,0.2,-0.0,1.0,-0.0,0.2,0.3,0
143,0.2,0.1,0.3,-0.1,0.5,-0.4,0.7,0.0,0.0,0
144,0.3,-0.2,-0.0,0.1,-1.5,0.9,0.6,0.0,-0.1,1
145,0.8,0.0,1.1,0.4,-2.1,0.1,-0.2,0.0,0.0,1
146,-1.2,-1.1,-1.7,0.8,-0.5,-0.1,0.1,1.9,1.3,0
147,-1.3,-1.4,-1.5,0.9,-0.8,-0.2,-0.4,2.1,1.8,0
148,0.5,1.6,0.7,-0.1,-0.2,0.7,-1.5,1.1,0.8,1
149,0.3,-0.8,-0.9,-0.3,-0.2,0.3,0.3,0.7,-0.2,0
150,0.3,-1.0,-0.2,0.3,-0.2,2.3,1.9,0.2,-0.3,1
151,0.3,-2.2,0.3,-0.1,1.3,-0.9,-0.9,-0.7,-0.7,1
152,-0.7,-0.6,-0.5,2.0,-0.2,0.5,-0.8,0.3,0.4,0
153,0.2,-1.3,-0.2,-0.1,-0.8,-0.5,-0.9,0.3,-0.3,1
154,0.3,1.6,-0.0,-0.3,1.0,-0.9,0.7,-0.0,0.5,0
155,-0.7,1.0,-0.4,1.1,-0.4,-0.0,0.4,-0.4,-0.7,0
156,1.9,-0.7,0.6,-2.4,0.8,0.1,-0.2,-0.4,-1.3,1
157,0.5,2.3,0.8,0.1,-0.1,2.9,-0.9,1.8,1.2,0
158,-1.2,1.0,0.3,-1.6,-0.5,-0.2,0.1,0.3,-1.2,0
159,0.7,-0.3,0.5,0.2,0.3,-1.1,-1.6,-0.2,-0.2,1
160,-1.0,-2.5,-1.8,0.6,-0.9,0.3,0.1,4.5,2.5,1
161,0.8,2.3,1.2,0.4,1.1,-2.1,0.9,2.8,1.8,1
162,1.2,-1.4,0.4,-0.6,-0.1,-0.1,-1.3,-0.6,-1.7,1
163,-0.8,-1.6,-0.3,0.6,-2.0,0.0,-1.5,0.5,1.3,0
164,1.0,1.0,1.6,-1.2,0.4,0.8,1.6,1.6,1.0,1
165,0.4,2.4,0.4,-0.7,1.0,1.0,-0.6,1.0,1.0,0
166,0.8,1.4,0.4,-0.3,-0.1,-0.5,1.1,0.6,1.1,1
167,1.9,0.6,0.5,0.3,0.0,-0.2,-0.2,0.3,1.1,1
168,-0.2,0.6,-0.0,0.0,1.0,-0.8,-0.2,-0.0,-0.1,0
169,-0.8,0.9,0.1,0.3,-0.7,-1.1,0.4,0.1,-0.7,0
170,-0.9,0.8,0.3,0.9,-1.4,0.3,-0.9,0.2,-0.7,0
171,-0.8,0.3,-0.3,-0.5,-0.3,-1.3,0.1,-0.1,-0.2,0
172,-0.1,0.1,-0.2,0.1,-0.6,-0.4,-0.4,-0.0,-0.0,0
173,0.3,-0.1,0.2,0.2,-0.9,-1.0,-1.3,-0.0,-0.0,1
174,0.3,-0.8,-0.5,-0.3,-0.4,0.5,0.3,0.4,-0.2,1
175,0.8,-0.3,1.4,-0.6,1.2,1.8,-0.3,-0.4,-0.2,1
176,0.0,-1.7,-1.3,-0.0,-0.7,-1.3,-0.2,2.2,-0.0,1
177,1.5,-0.1,0.8,-0.8,0.7,-1.9,-1.2,-0.1,-0.2,1
178,-0.3,-1.0,0.6,-0.3,2.1,-0.1,1.6,-0.6,0.3,1
179,2.7,-1.1,1.0,1.4,0.2,0.0,0.9,-1.1,-3.0,1
180,0.6,0.2,0.3,0.6,0.4,0.2,1.0,0.1,0.1,1
181,-0.9,1.4,-0.2,-0.5,-0.6,-0.4,-0.3,-0.3,-1.3,0
182,-1.1,0.9,-0.4,1.2,-1.0,-0.2,-1.7,-0.4,-1.0,0
183,0.5,-1.6,0.5,-0.2,-0.3,0.4,2.0,-0.8,-0.8,1
184,-0.2,-1.0,-1.5,0.2,-1.2,1.0,-0.1,1.5,0.2,0
185,0.7,0.9,1.4,0.9,1.1,-2.0,-0.7,1.3,0.6,1
186,0.5,-1.0,-0.8,-0.6,1.9,-0.4,0.4,0.8,-0.5,0
187,-0.1,-0.2,-0.2,-0.1,-0.8,0.2,1.2,0.0,0.0,1
188,-0.8,0.6,-0.4,-0.7,-0.6,-0.9,-0.0,-0.2,-0.5,0
189,-1.5,-1.0,-0.8,-2.7,-0.5,1.7,1.3,0.8,1.5,0
190,-0.4,0.1,-1.0,0.2,-0.1,-0.6,1.1,-0.1,-0.0,0
191,0.9,-1.3,0.3,0.6,0.4,-0.0,-1.1,-0.4,-1.2,1
192,0.2,-0.6,0.9,0.5,1.7,0.6,-0.7,-0.5,-0.1,1
193,-1.2,0.3,-1.2,0.7,-3.0,-0.6,1.0,-0.4,-0.4,0
194,0.2,-1.6,-0.3,-0.3,-2.5,-1.8,-2.7,0.5,-0.3,1
195,0.4,0.4,-0.0,-0.8,-0.5,-0.4,-0.1,-0.0,0.2,1
196,-0.9,-0.0,-0.2,-0.6,1.0,1.0,-1.4,0.0,0.0,0
197,0.2,0.6,0.3,-0.4,-1.4,-0.3,-0.5,0.2,0.1,0
198,0.1,0.2,-0.2,-0.0,-3.1,-0.8,-0.3,-0.0,0.0,1
199,-1.1,1.4,0.1,-0.5,0.6,0.9,-0.4,0.1,-1.5,0
200,0.4,0.1,1.1,0.1,0.8,-0.3,-0.6,0.1,0.0,1
201,0.6,-0.4,0.1,0.3,-1.0,-0.5,-1.1,-0.0,-0.2,1
202,1.1,0.1,0.9,0.2,-0.5,0.1,2.3,0.1,0.1,1
203,1.1,0.5,0.1,1.4,-0.9,0.8,1.9,0.0,0.6,1
204,-1.4,0.0,-1.2,1.3,-0.5,2.4,-1.2,-0.0,-0.0,0
205,-0.9,0.0,-0.2,0.6,-0.7,0.8,1.6,-0.0,-0.0,0
206,0.5,-0.7,0.8,-0.4,0.9,1.2,-0.4,-0.6,-0.4,1
207,0.5,-0.7,0.2,0.4,-2.8,-0.5,0.1,-0.1,-0.4,1
208,0.5,-1.4,-0.3,0.5,-1.0,-1.0,-0.1,0.4,-0.7,0
209,3.9,1.7,2.5,1.8,0.1,0.1,-0.7,4.2,6.6,1
210,0.6,-1.2,-0.7,0.7,-0.6,0.1,1.0,0.8,-0.7,1
211,1.1,-0.7,0.6,-1.3,-0.2,-1.1,0.1,-0.4,-0.8,1
212,1.0,-0.7,0.7,1.7,1.1,-0.2,-0.5,-0.5,-0.7,1
213,0.7,0.9,0.4,1.1,-1.7,0.4,-1.3,0.4,0.6,1
214,-0.3,-0.3,-0.5,-0.2,-0.2,0.4,-0.9,0.2,0.1,0
215,0.8,1.2,0.9,1.4,1.0,0.5,-1.6,1.1,1.0,1
216,-0.8,-0.7,-0.8,1.3,1.5,0.3,0.0,0.6,0.6,0
217,-0.2,0.3,-0.0,0.1,-0.5,-0.5,-1.2,-0.0,-0.1,1
218,-0.5,-0.8,0.6,0.4,0.6,-0.5,-0.3,-0.5,0.4,1
219,0.1,2.1,0.6,0.1,-1.5,-1.2,1.4,1.3,0.2,0
220,2.3,-1.2,0.6,-2.4,-2.1,1.8,1.2,-0.7,-2.8,1
221,-1.9,0.3,-1.2,-1.4,0.2,0.0,-0.0,-0.4,-0.6,0
222,0.7,0.6,0.9,1.0,0.4,-0.2,-0.1,0.5,0.4,1
223,-1.6,0.4,-0.8,-1.1,0.8,-0.9,1.9,-0.3,-0.6,0
224,-0.5,-0.2,-0.6,-0.1,-1.7,2.9,0.5,0.1,0.1,0
225,1.1,-0.1,1.2,-1.1,1.1,-1.1,-0.3,-0.1,-0.1,1
226,0.1,0.0,0.8,-0.1,2.3,-0.4,-1.4,0.0,0.0,1
227,-1.1,-0.1,-0.9,-1.4,-0.0,0.4,0.4,0.1,0.1,0
228,-0.7,1.0,-1.0,-0.5,-0.2,0.6,0.8,-1.0,-0.7,0
229,0.7,2.2,1.5,-0.0,0.8,1.0,-0.6,3.3,1.5,1
230,-0.7,-0.6,-0.9,0.3,-2.0,1.8,0.3,0.5,0.4,0
231,0.2,-1.4,0.1,-0.4,1.4,0.5,-0.4,-0.1,-0.3,1
232,0.0,-0.1,-1.0,-0.0,-1.1,-1.1,-0.2,0.1,-0.0,0
233,-0.7,2.6,0.9,-1.3,1.0,-0.3,-2.5,2.3,-1.8,0
234,2.1,-0.8,0.2,-2.7,-1.5,0.3,-0.2,-0.2,-1.7,1
235,0.6,1.6,1.1,0.1,-0.6,2.1,1.0,1.8,1.0,1
236,-2.0,1.7,-0.5,-2.0,1.2,-1.4,-0.6,-0.8,-3.4,0
237,0.2,-0.6,-0.6,-0.3,-0.6,1.2,0.1,0.4,-0.1,1
238,-0.7,0.6,-0.4,-0.1,1.3,0.2,-0.8,-0.2,-0.4,0
239,0.9,1.6,1.3,0.8,0.6,0.8,0.4,2.1,1.4,1
240,-0.8,-0.4,-0.5,-0.0,-2.1,-0.1,-0.2,0.2,0.3,0
241,-0.1,-0.2,0.2,-0.3,1.0,-0.8,-0.9,-0.0,0.0,0
242,0.5,-0.6,1.1,-0.8,-0.0,0.8,1.3,-0.7,-0.3,1
243,0.9,-1.0,-0.6,1.0,0.4,0.7,0.9,0.6,-0.9,1
244,-1.2,-0.6,0.0,0.2,0.0,1.0,-0.6,-0.0,0.7,1
245,-0.3,-1.2,-0.5,-0.2,-1.8,-0.0,0.5,0.6,0.4,0
246,-0.5,0.0,-0.7,-0.2,-0.2,-0.6,0.5,-0.0,-0.0,0
247,-0.7,-0.8,-1.3,0.5,1.5,-1.6,0.6,1.0,0.6,0
248,1.8,0.2,0.9,0.4,0.9,0.8,-1.7,0.2,0.4,1
249,0.4,-1.6,0.2,-0.7,0.0,0.4,1.0,-0.3,-0.6,1
250,-1.3,0.3,-0.6,-0.8,0.8,-1.0,-0.6,-0.2,-0.4,0
251,0.9,0.8,1.4,0.3,0.9,-0.5,-0.4,1.1,0.7,1
252,2.1,-2.0,-0.3,1.3,0.1,-0.5,2.6,0.6,-4.2,1
253,1.0,0.4,0.6,1.1,-0.8,-1.5,0.3,0.2,0.4,1
254,-1.5,1.2,-1.0,-0.6,-0.3,-0.8,-0.4,-1.2,-1.8,0
255,-0.5,-1.2,-0.4,-0.1,0.8,-1.1,-2.2,0.5,0.6,1
256,1.3,1.7,1.6,-1.1,-0.0,-0.4,1.4,2.7,2.2,1
257,-0.7,0.4,-0.4,0.5,1.2,-0.7,-1.3,-0.2,-0.3,0
258,0.4,-0.7,-1.3,0.5,-0.7,-1.6,-1.0,0.9,-0.3,0
259,0.8,-0.1,0.5,1.1,-0.6,2.0,-0.3,-0.0,-0.1,1
260,-0.9,0.6,-0.1,0.2,0.9,1.3,1.4,-0.1,-0.5,0
261,-0.1,0.1,0.2,-0.0,-0.2,-0.8,0.8,0.0,-0.0,0
262,-3.2,0.5,-0.8,2.9,0.4,0.3,-0.2,-0.4,-1.6,0
263,-1.0,-0.9,-1.3,-1.2,-0.9,0.4,0.3,1.2,0.9,0
264,-0.3,0.2,0.3,-0.2,0.1,1.2,-0.6,0.1,-0.1,0
265,-1.2,-1.4,-0.4,-2.3,0.3,-0.8,0.1,0.6,1.7,0
266,1.6,-0.1,-0.1,-1.4,0.2,1.1,0.1,0.0,-0.2,1
267,-1.4,-0.9,-0.8,0.5,-2.4,-0.5,1.0,0.7,1.3,0
268,-0.4,-0.7,-0.7,-0.1,-1.5,-1.3,1.0,0.5,0.3,0
269,0.1,1.2,0.4,0.1,1.1,0.7,0.5,0.5,0.1,0
270,1.4,1.1,1.2,-0.3,0.5,1.3,-0.4,1.3,1.5,1
271,-1.4,0.6,-0.8,1.2,-0.9,2.6,0.7,-0.5,-0.8,0
272,1.2,-1.1,-0.1,1.1,-1.4,-1.2,-0.1,0.1,-1.3,1
273,0.0,-0.3,-0.1,0.0,-1.1,0.7,-1.1,0.0,-0.0,0
274,-1.0,1.2,-0.7,0.9,-2.4,-0.4,-0.4,-0.8,-1.2,0
275,0.5,0.1,-0.3,0.7,-0.3,0.8,0.1,-0.0,0.0,0
276,0.2,2.3,1.1,0.2,-0.0,-1.5,0.9,2.5,0.5,0
277,-0.6,0.4,-0.8,-0.1,-1.4,-1.3,-0.2,-0.3,-0.2,0
278,0.1,0.2,0.4,0.0,0.1,-0.8,-1.2,0.1,0.0,1
279,-0.4,-0.3,-0.1,-0.2,0.3,0.1,0.1,0.0,0.1,1
280,0.1,0.1,-0.8,-0.1,1.7,-0.6,0.1,-0.1,0.0,0
281,0.7,-0.2,-0.0,0.0,-1.5,0.7,0.2,0.0,-0.1,1
282,1.6,0.7,1.6,-3.4,2.0,1.0,0.9,1.1,1.1,1
283,-1.2,1.0,-0.8,-1.1,0.6,0.6,1.0,-0.8,-1.2,0
284,2.1,-0.8,0.6,-3.3,-0.5,1.6,-0.6,-0.5,-1.7,1
285,-2.0,-1.3,-1.2,-3.0,-0.4,0.4,-0.6,1.6,2.6,0
286,-0.2,-1.8,-0.2,0.1,-0.6,-1.2,-1.0,0.4,0.4,1
287,0.6,0.5,0.3,-0.1,0.3,1.4,0.7,0.2,0.3,1
288,0.3,-1.1,-0.5,-0.2,1.3,-0.6,1.4,0.6,-0.3,1
289,-0.6,-2.2,-0.2,0.2,0.5,0.9,-0.3,0.4,1.3,1
290,-0.2,0.4,0.9,-0.3,1.0,1.6,-0.2,0.4,-0.1,0
291,-0.5,2.5,1.0,1.2,0.1,0.5,1.5,2.5,-1.2,0
292,-0.6,-0.0,-0.3,-0.8,-1.6,-1.5,0.5,0.0,0.0,0
293,0.8,0.8,0.2,0.3,-0.1,-0.9,0.4,0.2,0.6,0
294,0.4,0.1,-0.2,-0.5,1.1,1.3,-1.2,-0.0,0.0,1
295,-0.7,-0.1,-0.1,0.8,-1.6,-0.2,0.7,0.0,0.1,0
296,0.9,0.9,0.9,1.5,-0.6,0.1,-0.9,0.8,0.8,1
297,0.3,-0.3,0.8,-0.3,0.5,0.8,-1.1,-0.2,-0.1,1
298,0.8,0.3,0.8,-0.9,-0.6,0.7,-0.3,0.2,0.2,1
299,0.6,0.3,-0.4,0.7,-1.0,0.3,-0.6,-0.1,0.2,1
300,-0.8,-0.7,-0.1,-0.3,-0.5,-0.2,-0.2,0.1,0.6,0
301,-0.6,1.0,-0.5,0.6,-1.6,-0.3,-1.4,-0.5,-0.6,0
302,0.7,-0.2,0.1,0.2,-0.9,0.9,1.0,-0.0,-0.1,1
303,0.6,-0.8,0.2,-0.6,0.8,0.6,1.1,-0.2,-0.5,1
304,-0.0,0.5,1.1,-0.0,-0.8,-0.3,-1.9,0.6,-0.0,1
305,0.1,-0.9,1.3,0.1,-0.9,1.1,1.0,-1.2,-0.1,1
306,1.3,0.0,1.0,0.7,-0.1,-0.1,-0.8,0.0,0.0,1
307,-0.6,-0.0,-0.4,-0.2,0.5,-0.9,0.9,0.0,0.0,0
308,0.5,1.1,0.8,0.9,0.2,-0.8,-0.1,0.9,0.6,0
309,-0.2,0.5,0.5,0.0,-0.2,-1.0,0.0,0.2,-0.1,0
310,-0.2,-0.0,-0.3,0.2,-0.1,-0.3,-0.2,0.0,0.0,0
311,1.1,0.8,1.7,0.5,-0.9,1.2,1.2,1.4,0.9,1
312,0.8,1.4,0.9,1.7,0.9,-0.8,-1.2,1.3,1.1,1
313,0.8,0.6,0.8,-0.8,0.8,0.2,0.6,0.5,0.5,1
314,1.3,0.0,1.0,-0.5,0.1,-0.7,1.1,0.0,0.0,1
315,0.0,-1.3,-0.2,0.0,0.9,-0.3,0.7,0.3,-0.0,1
316,0.7,-1.1,0.4,-0.0,-0.9,-1.5,2.3,-0.4,-0.8,1
317,-0.3,-0.3,-0.5,0.3,0.9,-0.2,-0.5,0.2,0.1,1
318,0.3,-0.6,-0.3,0.3,0.0,-0.2,1.0,0.2,-0.2,1
319,-0.1,-0.2,-0.7,-0.2,-0.7,0.5,-0.1,0.1,0.0,0
320,0.1,0.1,0.3,0.0,0.1,0.2,1.2,0.0,0.0,1
321,0.6,0.5,0.8,-0.5,0.3,-1.2,-0.0,0.4,0.3,1
322,-0.8,-0.1,-0.2,1.2,1.1,1.1,-0.4,0.0,0.1,0
323,2.1,0.5,2.0,0.5,-0.1,0.2,1.3,1.0,1.0,1
324,-1.0,0.1,-0.5,-1.1,-1.0,0.2,-0.5,-0.0,-0.1,0
325,-1.2,-2.0,-0.9,-0.6,0.6,-0.0,-1.4,1.8,2.4,1
326,1.2,-0.9,-0.2,-0.0,-0.7,-0.5,-0.5,0.2,-1.1,1
327,0.8,-0.1,0.2,-0.5,1.0,0.2,0.6,-0.0,-0.1,1
328,0.6,-1.2,0.3,-0.7,1.8,0.5,1.4,-0.4,-0.7,1
329,0.6,0.6,0.9,0.5,0.0,-1.7,0.1,0.5,0.4,1
330,-0.0,1.5,0.3,-0.0,0.8,-0.5,1.3,0.4,-0.0,1
331,-0.9,1.2,-0.1,1.4,-1.2,-0.3,-1.4,-0.1,-1.1,0
332,0.1,-0.2,-0.8,0.2,0.4,0.3,-0.4,0.2,-0.0,1
333,-0.7,1.5,-0.1,-0.4,0.1,1.2,-0.3,-0.2,-1.0,0
334,1.0,0.1,1.0,1.4,1.0,-0.8,-0.1,0.1,0.1,1
335,-0.1,-0.3,0.1,0.1,-0.6,-0.5,0.1,-0.0,0.0,1
336,-0.8,-0.6,-0.3,1.1,-1.8,-0.5,0.7,0.2,0.5,0
337,-0.3,-0.3,-0.2,0.0,0.4,-0.8,-0.4,0.1,0.1,0
338,0.4,-0.4,0.1,0.2,-2.0,-0.3,0.1,-0.0,-0.2,1
339,-0.6,0.2,-0.6,-1.1,-0.6,0.8,-0.0,-0.1,-0.1,0
340,-0.8,0.2,0.0,-0.6,0.9,-1.1,-0.9,0.0,-0.2,0
341,0.2,0.0,0.3,-0.0,0.3,0.4,-0.1,0.0,0.0,1
342,0.2,0.4,0.5,-0.2,2.2,-1.7,-0.1,0.2,0.1,1
343,-0.5,1.2,-0.2,-0.6,0.9,-0.6,-0.2,-0.2,-0.6,0
344,-0.5,0.9,-1.1,0.5,-1.2,-0.3,0.0,-1.0,-0.4,0
345,0.2,-1.5,0.2,0.3,0.1,1.7,0.1,-0.3,-0.3,1
346,-1.4,-2.6,-1.7,0.4,-0.9,-0.3,-0.4,4.4,3.6,1
347,-1.4,0.9,-0.9,-2.2,-2.0,-2.2,1.3,-0.8,-1.3,0
348,-0.7,-1.4,-0.4,-0.5,-1.1,-2.0,-1.2,0.6,1.0,0
349,-0.2,-0.2,-0.4,0.0,-0.8,0.0,-0.7,0.1,0.0,1
350,0.3,-1.2,0.3,-0.2,-1.9,0.6,2.8,-0.4,-0.4,1
351,1.5,-1.8,0.5,-0.5,0.3,0.4,-1.0,-0.9,-2.7,1
352,0.9,0.5,0.9,0.4,0.2,0.2,-1.4,0.4,0.4,1
353,-0.2,0.8,-0.5,-0.0,-1.9,1.2,0.7,-0.4,-0.2,0
354,-0.0,-0.6,0.4,0.0,0.6,-0.5,-2.1,-0.2,0.0,1
355,-1.0,-2.6,-1.1,0.2,0.2,0.9,-0.2,2.9,2.6,1
356,-0.0,-0.5,-0.3,-0.0,0.1,-1.6,2.1,0.2,0.0,1
357,-0.3,0.4,0.0,0.6,-0.3,-0.9,-1.5,0.0,-0.1,0
358,0.3,-1.5,-1.2,0.1,-0.0,-1.8,-2.0,1.8,-0.4,0
359,-0.8,0.2,-0.1,0.8,0.6,-0.3,-1.5,-0.0,-0.2,1
360,0.5,-0.0,-0.3,-0.6,0.2,-0.0,0.9,0.0,-0.0,0
361,1.5,0.6,0.3,-2.5,-0.7,0.1,1.1,0.2,0.9,1
362,-0.1,0.1,-0.8,0.2,-0.1,0.1,-0.5,-0.1,-0.0,0
363,0.4,-1.0,0.5,-0.5,1.4,-0.9,0.7,-0.5,-0.4,1
364,0.7,1.2,0.4,-0.5,-0.4,-0.2,1.4,0.5,0.8,1
365,-0.4,-0.2,0.5,-0.8,2.3,-1.5,1.8,-0.1,0.1,1
366,0.2,-0.0,-0.2,-0.1,-0.6,1.4,-0.2,0.0,-0.0,1
367,0.0,-0.9,-1.1,0.0,-0.5,-0.3,-2.3,1.0,-0.0,0
368,0.1,-0.4,-0.6,0.0,-1.0,-0.5,-0.8,0.2,-0.0,0
369,-0.8,-0.9,-0.1,-0.1,0.2,1.6,-0.4,0.1,0.7,0
370,0.0,-0.2,-0.1,-0.0,-1.8,-1.2,-0.3,0.0,-0.0,1
371,0.5,1.7,0.5,-0.6,-0.3,-1.1,-0.2,0.8,0.8,1
372,1.5,-1.4,0.4,2.2,-0.9,-1.1,1.1,-0.6,-2.1,1
373,1.0,-1.6,0.3,1.8,0.3,-0.1,1.3,-0.5,-1.6,1
374,2.2,1.5,2.1,-3.7,2.0,0.4,-0.2,3.2,3.3,1
375,-0.8,-0.2,0.3,0.8,0.8,0.7,1.1,-0.1,0.2,1
376,0.9,-0.7,0.1,-0.3,-2.3,2.6,0.4,-0.1,-0.6,1
377,0.2,1.0,-0.3,-0.2,1.9,-2.2,0.1,-0.3,0.2,0
378,2.2,-0.6,0.7,1.1,0.6,0.6,0.9,-0.4,-1.3,1
379,-0.8,1.8,0.3,0.6,-0.6,-0.6,0.1,0.5,-1.4,0
380,-0.8,0.7,-0.7,-1.7,-0.2,-0.6,2.1,-0.5,-0.6,0
381,-0.6,-0.5,-0.9,-0.7,-0.3,-0.6,-1.4,0.4,0.3,0
382,-2.1,2.2,-0.2,-0.4,-0.8,-0.9,-0.5,-0.4,-4.6,0
383,-0.5,-0.6,-0.5,-0.5,-0.1,1.7,-0.1,0.3,0.3,0
384,-0.8,0.7,-0.2,-0.9,-0.7,0.8,0.4,-0.1,-0.6,0
385,0.2,0.3,-0.2,-0.1,-0.5,0.0,1.3,-0.1,0.1,0
386,0.3,1.3,0.4,-0.2,-0.5,1.4,-0.0,0.5,0.4,0
387,1.9,1.6,1.0,0.1,-0.9,-1.5,-1.4,1.6,3.0,1
388,1.0,0.0,0.9,0.9,0.6,-1.3,0.8,0.0,0.0,1
389,-0.6,-0.8,-0.0,-0.1,0.6,-2.2,0.8,0.0,0.5,1
390,-0.9,0.5,-1.2,1.4,-0.1,-0.7,-1.9,-0.6,-0.4,0
391,0.5,-0.7,-0.4,-0.4,0.6,0.2,-0.0,0.3,-0.4,1
392,-1.3,2.0,-0.8,0.1,-0.1,0.1,-1.6,-1.6,-2.6,0
393,1.8,0.1,0.6,-0.1,-0.2,0.1,-0.7,0.1,0.2,1
394,1.2,-0.4,0.4,2.4,1.0,-1.4,-0.9,-0.2,-0.5,1
395,-0.5,0.2,-0.9,0.7,-1.8,0.8,0.8,-0.2,-0.1,0
396,-1.7,-1.3,-1.7,-0.9,-1.8,0.2,0.1,2.2,2.2,0
397,1.4,-1.0,-0.1,2.1,-1.0,0.7,-1.3,0.1,-1.4,1
398,-0.1,1.2,0.4,-0.2,1.3,-1.9,0.9,0.5,-0.1,0
399,1.2,-0.7,0.4,-0.5,1.1,0.3,-1.4,-0.3,-0.8,1
400,-1.6,-1.0,-1.5,-0.8,-0.3,-1.2,0.3,1.5,1.6,0
401,-0.6,0.5,-0.1,-0.3,1.0,-0.4,-0.8,-0.0,-0.3,0
402,0.0,1.2,0.1,0.0,-0.8,0.5,-0.4,0.1,0.0,0
403,0.0,0.7,0.1,-0.0,0.4,0.1,0.5,0.1,0.0,0
404,-0.5,1.0,0.9,-0.2,0.3,-0.9,0.5,0.9,-0.5,0
405,0.6,-0.8,0.7,-1.5,1.2,0.0,1.3,-0.6,-0.5,1
406,-1.1,-1.4,-1.6,-0.8,-0.9,-1.5,-0.1,2.2,1.5,0
407,-0.1,1.5,0.8,-0.0,0.0,1.2,0.3,1.2,-0.2,0
408,0.1,-0.3,0.4,-0.0,0.7,-0.2,-0.4,-0.1,-0.0,0
409,0.5,-0.3,-0.4,1.0,0.7,1.1,0.2,0.1,-0.2,1
410,0.7,1.3,1.1,-0.5,-0.1,-0.5,0.4,1.4,0.9,1
411,-1.1,0.6,0.4,0.4,0.1,-0.5,-0.1,0.2,-0.7,0
412,-1.5,0.5,-1.2,-3.0,-1.7,-0.8,-1.8,-0.6,-0.8,0
413,1.3,2.2,0.9,-1.1,-2.0,0.9,0.3,2.0,2.9,1
414,0.3,-0.6,0.5,-0.2,0.5,-0.7,0.4,-0.3,-0.2,1
415,-0.7,0.9,0.1,0.1,0.7,0.6,-0.7,0.1,-0.6,0
416,1.6,0.1,1.1,1.3,0.8,-0.4,-1.3,0.1,0.2,1
417,0.1,0.3,0.3,0.0,-1.8,-2.0,1.5,0.1,0.0,0
418,1.2,1.5,1.2,-1.6,0.2,-0.6,0.5,1.8,1.8,1
419,0.1,0.5,-0.5,-0.1,-2.5,-1.2,-0.2,-0.2,0.0,0
420,2.1,0.5,1.7,-1.3,2.2,0.0,-1.1,0.8,1.0,1
421,1.8,1.1,1.8,-0.1,-0.2,-1.2,-0.8,2.0,2.0,1
422,-0.2,-0.4,-0.3,-0.1,1.1,0.9,1.3,0.1,0.1,0
423,1.0,-0.8,0.2,0.4,1.0,-0.1,0.1,-0.2,-0.8,1
424,0.6,-1.0,-0.8,-1.1,-1.3,-0.2,-0.6,0.8,-0.6,0
425,1.4,-2.0,0.4,1.5,-0.9,0.7,0.5,-0.8,-2.8,1
426,-1.0,2.1,0.4,-0.3,0.6,1.0,-0.8,0.8,-2.1,0
427,0.7,-1.1,-0.0,1.0,-0.8,-0.0,1.5,0.0,-0.8,1
428,1.1,-0.2,1.1,0.5,0.7,-0.8,1.4,-0.2,-0.2,1
429,-1.8,-0.3,-1.2,-2.0,-1.1,-1.8,-0.5,0.4,0.5,0
430,-1.2,0.3,-0.2,-0.6,-1.9,-0.7,-0.6,-0.1,-0.4,0
431,-2.0,0.8,-1.3,-2.7,-2.9,-0.6,-2.6,-1.0,-1.6,0
432,-0.3,0.9,0.1,-0.2,0.3,0.1,-1.5,0.1,-0.3,0
433,0.7,-0.6,0.1,-0.1,-0.5,-0.3,-1.3,-0.1,-0.4,1
434,1.5,-0.2,0.8,3.4,-0.2,0.7,0.1,-0.2,-0.3,1
435,0.1,0.3,-0.0,0.1,0.7,-0.6,-0.3,-0.0,0.0,0
436,1.6,-0.2,0.7,0.9,1.5,-0.1,-1.3,-0.1,-0.3,1
437,-1.4,1.6,0.2,1.8,-0.2,1.2,-0.3,0.3,-2.2,0
438,-1.7,0.5,-0.9,2.2,-0.8,0.3,0.5,-0.4,-0.8,0
439,-0.1,0.7,-0.6,-0.0,0.2,-0.1,0.5,-0.4,-0.1,0
440,0.4,0.7,1.3,0.1,-0.7,-0.6,-1.9,0.9,0.3,1
441,-0.0,1.2,1.1,0.0,0.8,-0.6,-0.1,1.3,-0.0,1
442,-2.1,0.2,-1.6,-0.3,-0.2,-0.9,-1.4,-0.3,-0.4,0
443,-0.1,-1.3,-0.1,-0.2,0.6,-0.5,0.9,0.1,0.1,1
444,-1.3,0.4,-0.8,-0.9,-2.3,0.8,0.8,-0.3,-0.5,0
445,0.7,-0.7,0.3,-0.8,-0.6,-0.2,-0.9,-0.2,-0.5,1
446,0.4,-0.5,0.2,-0.0,-0.8,-1.3,-0.8,-0.1,-0.2,1
447,-0.9,0.6,-0.4,0.7,-0.1,1.8,-0.5,-0.2,-0.5,0
448,-0.5,1.2,-0.3,0.2,0.3,0.3,-2.3,-0.4,-0.6,0
449,-1.1,0.0,-0.9,0.5,1.0,-1.4,0.3,-0.0,-0.0,0
450,-0.1,0.3,-0.4,0.0,-0.7,-0.4,-0.3,-0.1,-0.0,0
451,1.0,1.7,0.6,-1.3,-0.2,0.1,1.0,1.0,1.7,1
452,-1.0,0.2,-0.5,0.1,0.9,1.7,-1.1,-0.1,-0.2,0
453,0.5,2.6,0.7,-0.3,0.6,-1.1,-0.6,1.8,1.3,1
454,-0.5,0.6,0.3,1.5,1.4,1.0,-1.5,0.2,-0.3,0
455,-0.8,-1.8,-0.2,-1.6,0.2,1.4,-1.0,0.4,1.4,1
456,-0.1,0.8,-0.1,-0.1,-1.2,-0.6,-1.2,-0.1,-0.1,0
457,-1.0,0.4,-0.3,0.4,-1.5,-0.3,1.0,-0.1,-0.4,0
458,-0.6,1.3,0.3,-0.0,-1.4,-1.0,-0.7,0.4,-0.8,0
459,-1.2,0.7,-0.2,1.4,0.6,-0.2,0.1,-0.1,-0.8,0
460,2.0,-0.1,1.0,3.4,1.7,-0.0,-0.4,-0.1,-0.2,1
461,0.0,-1.2,0.0,0.0,1.8,0.7,-1.3,-0.0,-0.0,1
462,-0.7,-0.2,-0.2,-0.1,0.7,1.1,-0.2,0.0,0.1,0
463,0.2,-0.9,-0.8,0.2,0.8,-0.7,0.6,0.7,-0.2,0
464,-0.1,-0.6,0.2,-0.0,-0.5,-2.0,-1.2,-0.1,0.1,1
465,-0.2,0.6,0.5,0.3,-0.9,-0.0,0.8,0.3,-0.1,0
466,0.6,1.7,0.4,-0.2,1.1,0.3,-0.8,0.7,1.0,0
467,0.8,0.4,0.5,0.1,0.7,0.2,-0.5,0.2,0.3,1
468,-0.5,-1.2,-0.3,0.2,-0.0,-0.3,0.5,0.4,0.6,1
469,-0.6,0.4,-0.3,0.1,0.2,0.1,-0.7,-0.1,-0.2,0
470,-0.3,1.2,0.7,0.0,0.7,1.5,0.0,0.8,-0.4,0
471,-2.3,-0.6,-0.1,0.2,1.2,0.4,-0.3,0.1,1.4,0
472,-1.5,-0.1,-1.2,-0.1,0.7,-0.4,0.1,0.1,0.2,0
473,1.4,0.0,0.0,-1.5,0.5,-0.5,-2.4,0.0,0.0,1
474,1.6,-0.8,0.7,-1.1,1.2,-0.2,-1.8,-0.6,-1.3,1
475,-0.2,0.6,0.4,0.3,0.7,1.6,0.6,0.2,-0.1,1
476,0.6,-0.1,0.2,0.6,-0.4,-0.2,1.0,-0.0,-0.1,0
477,0.3,0.4,1.0,-0.6,1.3,-0.0,-0.9,0.4,0.1,1
478,3.1,-0.9,0.6,3.6,-1.1,-0.5,-0.2,-0.5,-2.8,1
479,1.1,-0.4,0.8,1.5,1.5,1.1,0.3,-0.3,-0.4,1
480,-0.1,0.7,-0.1,0.0,-1.2,2.0,0.7,-0.1,-0.1,0
481,-1.0,-0.4,0.2,2.6,0.4,0.5,-2.0,-0.1,0.4,0
482,-1.6,1.7,0.7,0.6,-0.5,0.1,-0.9,1.2,-2.7,0
483,0.2,-0.4,-0.4,-0.0,0.4,0.0,-0.3,0.2,-0.1,0
484,-0.8,0.2,-0.6,0.8,-0.3,-2.4,0.7,-0.1,-0.2,0
485,-1.4,0.9,-0.0,0.7,-1.6,0.7,2.5,-0.0,-1.3,0
486,-0.6,-1.4,-0.9,-0.9,-0.0,0.1,-0.2,1.3,0.8,1
487,-1.1,-1.8,-1.1,-0.7,-1.1,0.4,-1.4,2.0,2.0,1
488,1.7,-1.5,0.4,-1.6,1.1,-0.7,0.4,-0.6,-2.6,1
489,0.9,1.3,-0.1,-1.4,-0.0,-0.4,1.3,-0.1,1.2,1
490,-0.0,-0.6,-0.2,0.0,0.3,-0.4,0.1,0.1,0.0,1
491,1.5,2.6,1.2,-0.3,-0.4,1.0,-0.9,3.1,3.9,1
492,0.1,-0.6,-0.4,0.0,-0.8,-0.4,1.0,0.2,-0.1,0
493,-0.9,0.2,0.3,0.5,-0.3,2.1,0.7,0.1,-0.2,0
494,1.5,1.5,0.6,0.8,1.2,0.4,-1.0,0.9,2.2,1
495,0.5,2.0,1.3,1.0,2.3,-1.3,0.4,2.6,1.0,1
496,-1.0,2.1,-0.0,-0.8,-0.8,-0.1,1.0,-0.0,-2.1,0
497,-0.2,1.2,0.1,0.0,1.1,-0.7,1.2,0.1,-0.2,1
498,-0.9,1.0,0.2,0.2,-2.1,-2.2,-0.1,0.2,-0.9,0
499,-1.4,0.6,-0.3,0.5,-1.3,1.6,-0.4,-0.2,-0.8,0
500,0.9,0.8,1.0,1.1,-0.5,0.7,1.2,0.8,0.7,1
501,1.9,-0.6,1.3,-1.2,-0.7,0.5,-1.2,-0.8,-1.1,1
502,-1.4,-0.8,-1.1,-0.1,-2.1,0.2,0.4,0.9,1.1,0
503,0.6,-0.0,-0.0,0.0,0.4,-1.4,-1.4,0.0,-0.0,1
504,-0.7,-0.2,-1.0,0.4,-0.7,-0.5,1.1,0.2,0.1,0
505,-0.5,-0.5,-0.8,0.7,-0.0,0.8,-0.3,0.4,0.2,0
506,-0.6,0.7,1.4,-0.2,1.4,-1.1,1.3,1.0,-0.4,1
507,-0.9,1.0,0.5,0.1,0.5,-2.5,0.5,0.5,-0.9,0
508,0.0,0.1,-0.6,0.0,0.4,-0.2,-1.2,-0.1,0.0,0
509,-0.8,1.5,-0.6,0.4,-0.4,-0.1,1.4,-0.9,-1.2,0
510,0.3,-1.1,0.1,0.4,-1.1,0.1,1.6,-0.1,-0.3,1
511,-0.1,-0.2,0.2,0.1,1.2,0.7,0.9,-0.0,0.0,1
512,-0.2,-0.7,-0.0,-0.3,-0.6,0.6,-0.8,0.0,0.1,1
513,-0.9,-1.9,-1.1,1.6,-1.5,0.3,-0.3,2.1,1.7,1
514,-0.6,-0.1,-0.4,-0.3,-0.4,1.2,0.1,0.0,0.1,0
515,0.8,-0.1,0.5,0.4,-0.7,-1.5,-0.7,-0.0,-0.1,1
516,0.5,1.5,0.7,-0.4,-0.1,0.5,1.7,1.0,0.8,1
517,-1.0,0.6,-1.4,-0.4,-0.4,0.6,0.1,-0.8,-0.6,0
518,0.1,-1.0,-0.4,0.1,0.1,-1.2,-2.7,0.4,-0.1,0
519,0.8,1.9,0.5,-1.8,-0.6,-1.5,0.3,1.0,1.5,1
520,-1.7,1.2,-0.4,-0.9,-0.7,-0.7,-0.3,-0.5,-2.0,0
521,0.5,0.6,1.9,-1.2,2.0,-0.7,-0.1,1.1,0.3,1
522,-0.7,-0.2,-0.2,0.7,0.4,0.8,-0.4,0.0,0.1,0
523,0.6,-1.0,-0.2,1.0,2.0,-0.6,0.8,0.2,-0.6,1
524,-0.8,-0.4,-0.1,0.5,1.1,-0.9,1.1,0.0,0.3,0
525,-1.8,1.1,-0.3,2.1,1.0,-0.6,0.3,-0.3,-2.0,0
526,-1.6,1.9,-0.0,0.3,-1.4,1.1,-0.3,-0.0,-3.0,0
527,0.0,1.5,0.8,0.0,1.2,0.0,-0.0,1.2,0.0,0
528,0.3,-0.5,1.0,-0.5,0.4,-0.2,0.0,-0.5,-0.2,1
529,-0.9,-1.1,-1.3,0.9,-1.2,-0.1,-0.8,1.4,1.0,0
530,0.6,0.1,0.6,0.9,0.5,1.3,0.6,0.1,0.1,1
531,-1.7,-1.8,-1.9,-3.2,-0.0,-0.7,0.5,3.4,3.1,0
532,-0.1,0.3,0.3,0.0,0.7,1.3,1.5,0.1,-0.0,0
533,-1.2,-0.1,-1.1,1.5,-1.4,0.2,1.3,0.1,0.1,0
534,-0.7,-0.5,-0.7,-1.5,0.4,-0.2,-0.7,0.4,0.4,0
535,0.0,-1.6,-0.6,0.0,-0.9,2.5,0.8,1.0,-0.0,0
536,-0.9,0.5,0.2,-0.6,0.3,-1.1,-1.0,0.1,-0.4,0
537,-0.4,-0.5,0.1,0.3,-0.3,-0.4,0.7,-0.0,0.2,0
538,1.0,-1.2,-0.5,-0.0,-0.5,-1.2,-0.5,0.6,-1.2,1
539,-0.6,-2.9,-1.1,0.1,0.2,1.0,-1.0,3.2,1.7,1
540,0.8,-0.0,0.0,0.3,-1.0,1.7,0.3,-0.0,-0.0,1
541,-1.1,1.8,-0.6,-1.6,1.6,1.7,-2.7,-1.1,-2.0,0
542,0.5,1.7,0.7,0.4,-1.5,1.2,-1.8,1.2,0.8,1
543,1.4,-0.5,0.4,-1.5,-0.4,-0.2,-0.2,-0.2,-0.7,1
544,-2.5,-0.6,-0.2,-3.4,0.3,-0.4,0.1,0.1,1.5,0
545,-0.8,0.5,-0.0,-0.3,0.6,-1.7,-0.4,-0.0,-0.4,0
546,0.6,-1.0,-0.7,0.4,-0.5,2.0,-1.6,0.7,-0.6,1
547,-0.2,0.3,-0.3,-0.3,-0.2,0.5,-0.8,-0.1,-0.1,0
548,0.4,0.8,1.0,-0.4,0.9,-0.5,0.4,0.8,0.3,1
549,-0.6,1.2,1.1,0.0,0.3,1.3,0.6,1.3,-0.7,1
550,0.1,-0.1,-0.8,-0.1,1.0,-1.0,-0.0,0.1,-0.0,0
551,-0.2,-0.2,-1.1,0.3,0.3,0.4,1.2,0.2,0.0,0
552,1.2,-0.9,1.3,0.4,1.5,-0.2,0.4,-1.2,-1.1,1
553,0.3,-0.8,0.1,0.8,-0.9,0.6,-0.7,-0.1,-0.2,1
554,0.3,-0.2,-0.3,-0.6,-0.2,-0.1,-0.3,0.1,-0.1,1
555,-0.4,0.4,0.2,0.0,-0.2,-1.5,-1.4,0.1,-0.2,0
556,-0.5,0.9,-1.3,-0.3,-1.7,0.1,-0.1,-1.2,-0.4,0
557,-0.4,-0.8,-0.4,-0.0,0.2,1.0,1.1,0.3,0.3,0
558,0.4,1.5,0.8,-0.0,-0.1,-0.0,0.7,1.2,0.6,0
559,-0.4,-0.3,0.2,0.5,0.8,0.8,1.4,-0.1,0.1,0
560,0.3,-0.0,-0.4,0.1,-1.3,-1.0,-0.3,0.0,-0.0,0
561,2.1,-0.7,0.9,-1.6,2.2,-0.0,1.3,-0.6,-1.5,1
562,0.9,-2.4,-0.7,-2.0,-1.2,-0.6,-0.2,1.7,-2.2,1
563,-0.3,0.9,0.2,-0.4,0.3,0.7,1.5,0.2,-0.3,0
564,1.2,0.7,0.4,1.2,1.0,0.0,-0.0,0.3,0.8,1
565,-0.4,-0.3,-0.5,-0.0,-0.8,0.7,0.7,0.2,0.1,0
566,-2.0,0.1,-1.5,-0.5,0.1,1.1,1.5,-0.2,-0.2,0
567,-1.0,0.5,-0.0,-1.1,-1.2,0.7,-0.2,-0.0,-0.5,0
568,-1.9,-1.6,-1.0,-0.4,1.0,0.3,0.2,1.6,3.0,1
569,-0.4,-0.5,-0.5,-0.4,-0.2,-1.0,1.3,0.2,0.2,0
570,0.0,0.8,0.3,-0.0,-0.4,-0.0,-0.1,0.2,0.0,0
571,1.7,-1.3,-0.3,2.2,-0.4,-0.5,-1.3,0.4,-2.2,1
572,0.3,0.3,0.1,0.1,0.9,-0.3,2.1,0.0,0.1,0
573,-0.2,-1.4,-0.5,-0.0,-0.8,-0.4,-0.5,0.7,0.3,1
574,0.8,0.5,1.9,-1.0,0.2,-1.0,0.2,1.0,0.4,1
575,-2.2,-0.0,-1.7,-0.6,-1.1,-2.0,1.2,0.0,0.0,0
576,0.2,-1.6,0.4,-0.2,-1.0,-0.7,-0.6,-0.6,-0.3,1
577,0.8,1.2,1.3,-0.5,2.5,0.2,-1.0,1.6,1.0,1
578,-1.5,-0.7,-0.8,1.2,-1.0,-1.3,0.3,0.6,1.0,0
579,1.1,-0.8,1.2,-1.2,1.4,0.0,-1.8,-1.0,-0.9,1
580,0.3,0.2,0.4,0.6,0.4,1.9,-0.3,0.1,0.1,1
581,-0.4,1.1,0.3,-0.5,-0.8,1.0,0.2,0.3,-0.4,0
582,0.6,-1.0,-0.0,1.2,-0.0,1.6,-0.3,0.0,-0.6,1
583,2.3,0.1,1.8,-2.8,1.7,0.4,-1.5,0.2,0.2,1
584,0.2,0.4,0.8,0.0,0.2,1.2,1.6,0.3,0.1,1
585,0.2,0.7,-0.0,-0.3,1.2,-0.7,0.1,-0.0,0.1,0
586,-0.5,0.2,-0.8,0.3,0.6,-0.6,1.4,-0.2,-0.1,0
587,-0.8,-0.4,-0.6,0.7,0.6,-2.7,-0.3,0.2,0.3,0
588,0.8,-0.8,-0.2,1.0,-0.6,1.2,-0.9,0.2,-0.6,1
589,-0.9,0.1,-0.5,0.4,-1.3,1.5,0.3,-0.0,-0.1,0
590,0.1,-1.1,0.3,0.1,-0.5,-0.6,-0.2,-0.3,-0.1,1
591,-0.5,-2.9,-1.3,-0.3,-0.5,-0.3,-1.2,3.8,1.4,1
592,0.5,0.4,0.3,1.2,0.7,-0.8,1.5,0.1,0.2,0
593,0.3,0.9,0.4,-0.4,-2.0,0.4,-0.6,0.4,0.3,1
594,1.0,-2.4,0.2,1.3,0.1,1.1,-1.8,-0.5,-2.4,1
595,-0.5,-1.0,-1.7,-0.6,-0.7,-1.7,1.3,1.7,0.5,0
596,-0.3,0.6,-0.3,0.3,-0.4,0.4,-0.5,-0.2,-0.2,0
597,-1.0,2.1,0.2,-1.0,1.4,-0.3,-0.6,0.4,-2.1,0
598,-0.4,0.0,0.4,-0.1,0.6,0.1,-1.8,0.0,-0.0,1
599,0.4,-0.7,-0.3,-0.1,1.2,0.5,1.7,0.2,-0.3,1
600,0.8,-0.2,-0.6,-0.7,-0.5,-0.2,-1.3,0.1,-0.2,0
601,-0.9,1.4,0.3,0.6,1.1,-0.1,0.1,0.4,-1.3,0
602,0.9,-0.6,-0.0,1.8,1.6,-0.2,0.9,0.0,-0.5,1
603,1.4,-0.8,-0.1,0.0,1.3,1.0,0.4,0.1,-1.1,1
604,0.4,-0.5,-0.3,0.3,-1.2,0.4,-0.1,0.2,-0.2,1
605,1.9,-1.0,0.6,-1.5,0.0,0.2,-1.7,-0.6,-1.9,1
606,-0.8,0.1,-0.7,0.6,-0.7,-1.3,-0.8,-0.1,-0.1,0
607,-1.2,1.6,-1.2,-1.3,-0.1,-0.4,0.2,-1.9,-1.9,0
608,-1.8,0.3,-0.4,2.4,0.5,0.9,-0.8,-0.1,-0.5,0
609,1.5,-0.3,1.3,-0.6,-0.2,0.0,0.2,-0.4,-0.4,1
610,0.7,-0.3,0.6,0.0,0.4,0.7,0.7,-0.2,-0.2,1
611,-0.1,-1.6,-1.1,-0.0,-2.6,1.8,1.0,1.8,0.2,0
612,0.3,0.9,0.3,-0.1,1.6,1.0,-1.2,0.3,0.3,0
613,-1.1,-0.1,-0.6,-0.4,-0.8,0.1,2.2,0.1,0.1,0
614,2.4,-0.2,1.4,1.7,0.8,-0.5,0.8,-0.3,-0.5,1
615,0.1,3.2,1.3,0.1,0.3,-2.6,-0.0,4.2,0.3,0
616,0.1,0.3,-0.2,-0.1,1.0,-0.2,1.1,-0.1,0.0,0
617,0.7,-0.8,0.2,-0.2,-2.7,-0.3,2.4,-0.2,-0.6,1
618,0.5,-0.4,0.4,0.6,0.2,0.4,-1.4,-0.2,-0.2,1
619,0.2,1.1,1.2,0.2,0.5,-0.2,-0.2,1.3,0.2,1
620,-0.8,0.1,-0.0,1.1,-0.5,-0.3,-2.4,-0.0,-0.1,0
621,0.5,-1.4,0.2,0.2,1.8,-1.8,0.2,-0.3,-0.7,1
622,1.9,0.9,1.3,-3.8,-0.2,-0.9,0.4,1.2,1.7,1
623,1.3,-0.7,1.1,0.1,1.3,0.5,-0.0,-0.8,-0.9,1
624,1.6,1.9,1.6,3.0,1.2,1.7,-0.7,3.0,3.0,1
625,-0.5,1.1,-0.4,0.5,1.1,-0.1,-2.0,-0.4,-0.6,0
626,-1.0,-0.4,0.1,0.8,-0.6,0.3,0.4,-0.0,0.4,1
627,-0.1,1.3,0.7,-0.1,-0.4,1.0,1.5,0.9,-0.1,0
628,0.1,0.1,-0.1,-0.2,1.0,-0.8,-0.6,-0.0,0.0,0
629,1.1,0.9,0.6,-0.7,0.7,0.4,0.4,0.5,1.0,1
630,-1.7,0.5,-0.6,-1.0,-1.8,-0.7,-1.6,-0.3,-0.8,0
631,1.5,-0.8,0.7,-1.0,-0.2,0.9,0.5,-0.6,-1.2,1
632,-0.2,-0.6,-0.2,0.0,0.3,0.2,-0.4,0.1,0.1,1
633,-0.4,1.0,0.3,-0.3,1.0,0.3,-0.8,0.3,-0.4,0
634,-1.0,-0.3,0.3,-0.4,-0.5,-0.8,-0.8,-0.1,0.3,1
635,-1.7,-0.4,-0.4,-0.5,-3.1,0.7,-0.4,0.2,0.7,0
636,0.8,-1.0,0.2,-0.3,0.6,2.1,0.4,-0.2,-0.8,1
637,0.1,0.4,0.6,0.0,-0.9,-1.0,-1.3,0.2,0.0,1
638,-1.3,2.1,-0.5,0.2,-2.3,-0.3,-0.4,-1.0,-2.7,0
639,-1.3,-1.1,-0.8,-0.6,-3.2,0.2,-0.0,0.9,1.4,0
640,-0.3,0.0,0.8,0.1,1.2,0.8,-1.1,0.0,-0.0,0
641,1.7,1.4,1.2,-0.3,0.7,-0.6,1.8,1.7,2.4,1
642,-0.3,-0.1,-0.6,0.3,-0.5,-2.8,-0.9,0.1,0.0,0
643,-1.5,0.5,-0.9,0.1,0.9,1.4,-0.7,-0.4,-0.8,0
644,-0.2,-1.1,-1.0,0.2,0.1,0.8,-1.0,1.1,0.2,1
645,-0.3,0.4,-0.4,0.3,1.4,-1.7,1.8,-0.2,-0.1,0
646,-2.7,-0.2,-1.6,-0.7,-2.2,-0.6,0.6,0.3,0.5,0
647,-0.1,1.0,-0.5,-0.0,-0.3,1.6,-0.9,-0.5,-0.1,0
648,-0.2,1.2,0.3,-0.2,-1.5,1.4,1.1,0.4,-0.2,0
649,0.7,2.6,1.6,-0.3,0.6,0.9,0.2,4.2,1.8,1
650,1.8,0.6,0.6,0.7,0.1,-0.2,0.3,0.4,1.1,1
651,1.1,0.3,1.4,0.6,1.3,0.1,-0.3,0.4,0.3,1
652,-0.3,0.2,0.2,-0.1,0.1,-0.1,-0.7,0.0,-0.1,0
653,-1.1,-0.4,-0.2,0.9,0.5,1.1,0.3,0.1,0.4,0
654,2.6,0.3,1.1,0.4,1.3,-0.9,-0.5,0.3,0.8,1
655,0.1,-0.3,0.4,0.0,2.4,-0.8,1.8,-0.1,-0.0,1
656,0.0,0.2,-0.5,0.0,-0.6,1.0,-1.3,-0.1,0.0,1
657,-0.0,1.3,0.8,0.0,-0.5,-0.0,1.5,1.0,-0.0,0
658,0.2,-1.0,-0.1,0.0,0.2,1.4,-0.1,0.1,-0.2,1
659,-0.1,1.1,0.6,-0.2,-0.5,-0.7,0.3,0.7,-0.1,0
660,-0.6,1.3,-0.5,0.2,1.2,-0.1,0.8,-0.6,-0.8,0
661,-0.5,-0.1,-0.7,0.4,-0.6,-0.9,-0.6,0.1,0.0,0
662,-0.0,-2.1,-0.3,-0.0,-0.7,0.0,0.9,0.6,0.0,1
663,-0.5,-0.6,-0.9,-0.2,-0.9,-1.5,-2.7,0.5,0.3,0
664,-0.7,1.3,0.3,-0.8,0.9,-0.5,-0.7,0.4,-0.9,0
665,0.1,-0.0,-0.6,-0.1,-0.5,-1.4,-0.9,0.0,-0.0,0
666,-0.3,-1.0,-0.0,-0.2,-0.6,0.7,-1.3,0.0,0.3,0
667,1.5,-0.5,-0.0,0.9,1.7,0.7,-0.2,0.0,-0.8,1
668,-2.7,0.8,-0.8,0.4,-1.3,-1.7,0.4,-0.6,-2.2,0
669,1.1,0.5,1.0,0.4,0.5,1.3,0.7,0.5,0.6,1
670,1.2,-0.2,0.2,1.2,0.8,2.5,0.2,-0.0,-0.2,1
671,-2.1,-0.4,-0.9,-1.8,-2.1,0.0,-0.7,0.4,0.8,0
672,-0.3,-0.4,-0.1,0.3,0.4,-0.6,0.4,0.0,0.1,1
673,-0.4,-0.9,-0.7,-0.3,-1.4,2.8,0.1,0.6,0.4,0
674,-1.4,1.6,-0.7,0.1,0.5,-1.3,0.9,-1.1,-2.2,0
675,-0.8,-0.3,-1.5,-0.1,-1.7,0.0,0.8,0.4,0.2,0
676,-1.1,1.2,-0.0,-0.1,0.7,0.2,0.0,-0.0,-1.3,0
677,1.8,1.5,0.6,-0.3,1.4,1.3,-0.9,0.9,2.7,1
678,0.9,1.0,0.8,1.1,1.3,0.4,-0.7,0.8,0.9,1
679,1.3,-0.4,0.4,-0.1,0.5,-0.5,-0.5,-0.2,-0.5,1
680,0.7,0.4,0.8,-0.8,0.2,-1.0,-0.3,0.3,0.3,1
681,-1.1,-0.0,-0.7,0.4,-0.9,-0.3,0.3,0.0,0.0,0
682,-0.5,-0.9,-0.7,-0.1,1.1,-1.0,0.7,0.6,0.4,0
683,0.5,0.3,0.7,0.6,-0.3,0.0,-0.1,0.2,0.2,1
684,-1.2,-1.2,-0.8,-0.7,-1.4,-0.6,0.0,1.0,1.4,1
685,0.7,1.2,0.9,-0.6,1.1,-1.5,0.1,1.1,0.8,1
686,-0.2,-0.5,-0.0,-0.5,-0.8,1.3,-0.5,0.0,0.1,0
687,-0.4,0.2,-0.9,-0.1,-1.4,-0.5,-0.9,-0.2,-0.1,0
688,0.7,0.3,0.8,0.9,-1.0,-1.3,-1.8,0.2,0.2,1
689,0.4,-0.3,0.4,-0.1,-0.3,-0.2,-0.7,-0.1,-0.1,1
690,-0.4,0.6,-0.5,-0.2,-0.3,0.1,0.5,-0.3,-0.2,0
691,1.2,-0.5,0.3,1.0,0.4,-1.7,-0.7,-0.2,-0.6,1
692,-1.1,0.9,-0.3,-1.3,0.8,0.3,-0.2,-0.3,-1.0,0
693,0.6,-1.3,-0.2,0.6,0.4,-1.0,0.5,0.3,-0.8,1
694,0.6,0.1,0.5,0.5,0.1,1.7,0.5,0.0,0.1,1
695,-0.3,1.9,1.1,0.1,0.4,0.5,-1.1,2.1,-0.6,0
696,0.3,-1.0,0.4,-0.2,0.7,-0.4,1.0,-0.4,-0.3,1
697,-1.3,-0.7,-1.5,-0.4,0.5,-0.7,1.1,1.0,0.9,0
698,0.9,0.5,0.9,0.8,0.6,-0.1,-1.1,0.4,0.4,1
699,-0.2,0.2,0.6,0.0,-0.2,0.6,-0.8,0.1,-0.0,1
700,-0.5,0.4,0.1,-0.5,-0.9,-0.0,1.2,0.0,-0.2,0
701,1.0,0.5,1.2,1.5,-0.8,-0.2,-0.1,0.6,0.5,1
702,-0.7,0.6,0.8,0.6,1.1,0.1,-2.2,0.5,-0.4,0
703,-1.4,1.1,0.1,1.2,0.6,-0.6,-1.4,0.1,-1.5,0
704,-1.6,0.4,-0.6,0.2,0.3,-0.3,-0.2,-0.2,-0.6,0
705,0.6,-0.2,0.8,0.2,0.3,-2.1,-1.2,-0.2,-0.1,1
706,-1.3,0.7,-0.4,0.7,1.2,1.0,-0.4,-0.3,-0.9,0
707,1.8,1.9,1.5,2.4,0.3,0.3,0.0,2.8,3.4,1
708,-2.1,-0.1,-1.3,-0.9,0.3,-0.8,1.5,0.1,0.2,0
709,1.7,-1.0,1.3,0.1,0.6,1.9,-0.3,-1.3,-1.7,1
710,0.2,1.1,0.0,-0.3,-0.6,0.1,1.1,0.0,0.2,0
711,-0.1,-0.1,0.7,0.1,0.9,-1.0,1.4,-0.1,0.0,0
712,-0.5,-2.2,-0.7,-0.1,0.1,0.9,1.4,1.5,1.1,1
713,0.4,0.8,-0.3,-0.9,0.2,0.4,0.3,-0.2,0.3,0
714,-0.0,-0.5,0.0,-0.0,0.1,0.4,-2.0,-0.0,0.0,1
715,1.1,-0.1,-0.5,-0.2,-0.3,-0.4,0.5,0.0,-0.1,1
716,0.1,0.3,0.5,0.3,2.6,0.5,1.0,0.2,0.0,0
717,0.2,0.2,0.6,0.5,1.5,-0.3,-0.1,0.1,0.0,1
718,-0.4,0.7,-0.3,0.1,0.6,0.6,1.7,-0.2,-0.3,0
719,-0.1,-0.4,-0.1,0.0,0.1,-1.9,0.9,0.0,0.0,0
720,0.3,0.5,1.3,0.3,1.7,-0.4,0.6,0.6,0.2,1
721,-1.7,-0.3,-1.2,-2.9,-0.1,1.7,1.1,0.4,0.5,0
722,-1.3,0.7,-1.0,2.1,-0.5,-0.8,0.3,-0.7,-0.9,0
723,0.7,0.6,1.3,-1.3,0.3,-0.6,-2.5,0.8,0.4,1
724,0.2,-0.9,0.8,-0.1,0.3,-0.4,-0.5,-0.7,-0.2,1
725,-0.2,1.1,0.2,-0.1,-3.1,-1.2,1.2,0.2,-0.2,0
726,0.0,-0.5,0.4,0.0,0.4,-2.2,-0.8,-0.2,-0.0,0
727,0.3,0.8,1.1,0.3,0.1,-0.2,-0.2,0.9,0.2,0
728,-0.5,0.4,-0.5,0.6,1.3,0.1,-1.0,-0.2,-0.2,0
729,-0.8,1.8,-0.1,1.9,-0.0,-0.1,1.8,-0.2,-1.4,0
730,0.2,-0.2,0.7,0.2,-0.8,-0.1,1.7,-0.1,-0.0,1
731,-1.0,-0.3,0.3,0.8,0.1,0.0,-0.9,-0.1,0.3,0
732,0.4,-0.0,0.5,-0.8,-0.8,1.0,0.1,-0.0,-0.0,1
733,-1.7,-0.3,-1.4,-0.2,-0.2,-0.2,-0.7,0.4,0.5,0
734,1.0,0.8,1.7,0.8,1.1,-0.6,0.6,1.4,0.8,1
735,0.5,-1.6,-0.5,-0.1,0.7,-0.3,0.5,0.8,-0.8,0
736,0.3,-1.1,-0.3,-0.1,-0.9,0.6,0.8,0.3,-0.3,1
737,1.0,-1.1,0.3,-0.2,0.2,1.4,0.3,-0.3,-1.1,1
738,1.7,1.0,1.9,-0.6,-0.4,-0.6,2.9,1.9,1.7,1
739,1.0,1.7,1.4,-1.3,1.4,0.1,-1.0,2.4,1.7,1
740,-1.8,-0.1,-0.7,1.3,0.2,0.3,-1.7,0.1,0.2,0
741,-1.3,-0.2,-0.5,-0.7,0.2,-1.0,-0.4,0.1,0.3,0
742,-0.6,0.1,-0.2,-0.2,-0.1,0.0,-1.6,-0.0,-0.1,0
743,0.0,1.2,0.6,0.0,0.7,-1.5,-1.5,0.7,0.0,1
744,0.5,-0.9,-1.3,-0.5,1.0,-1.8,-1.0,1.2,-0.4,0
745,-0.7,0.2,-0.4,0.1,-0.5,0.4,-0.9,-0.1,-0.1,0
746,0.2,1.0,0.5,-0.4,0.4,-0.4,-1.0,0.5,0.2,1
747,-0.8,0.5,-0.8,-0.1,-1.5,0.2,0.5,-0.4,-0.4,0
748,-0.6,0.2,-0.0,-0.9,-0.9,-0.0,-0.5,-0.0,-0.1,0
749,-1.4,1.0,-0.5,2.1,-0.2,-1.0,-0.2,-0.5,-1.4,0
750,-0.9,-2.7,-0.4,0.5,0.9,-0.0,0.9,1.1,2.4,1
751,-1.4,0.7,0.3,-0.5,-0.1,-1.2,-0.8,0.2,-1.0,0
752,-1.0,-0.7,-0.9,-1.3,-0.7,1.4,-0.3,0.6,0.7,0
753,1.1,-1.8,-0.1,-0.5,-0.5,-1.4,0.4,0.2,-2.0,1
754,-0.9,0.5,-0.3,0.6,-0.7,-0.2,-1.9,-0.2,-0.4,0
755,2.6,1.4,1.5,-5.1,1.0,-1.0,-2.4,2.1,3.6,1
756,0.5,-0.1,0.3,0.1,-1.3,0.6,0.3,-0.0,-0.0,1
757,0.2,1.0,0.0,0.4,1.3,-0.3,0.5,0.0,0.2,1
758,-0.9,1.6,-0.5,-0.2,-0.9,-0.5,2.1,-0.8,-1.4,0
759,0.7,1.3,1.1,-0.0,1.3,0.9,0.2,1.4,0.9,1
760,-0.6,1.6,0.5,-0.2,-1.0,0.0,0.8,0.8,-1.0,0
761,0.1,0.7,-0.1,-0.0,0.6,0.5,-0.2,-0.1,0.1,0
762,2.6,0.1,1.8,-2.1,1.6,-1.0,0.3,0.2,0.3,1
763,-0.1,-1.6,-0.8,-0.1,-0.0,-1.4,1.7,1.3,0.2,1
764,1.1,-0.2,0.6,0.2,-0.7,0.1,-2.1,-0.1,-0.2,1
765,-0.7,-0.8,-0.2,-0.0,0.1,-0.3,0.4,0.2,0.6,0
766,-0.0,2.2,0.6,0.0,-0.9,0.6,2.1,1.3,-0.0,1
767,1.8,-0.2,1.1,2.3,0.3,-0.1,0.3,-0.2,-0.4,1
768,-0.6,0.1,-0.5,-0.4,0.8,0.2,1.7,-0.0,-0.1,0
769,1.8,0.6,1.0,-1.0,1.3,-1.6,-0.6,0.6,1.1,1
770,0.7,0.0,0.2,0.7,0.1,1.9,-0.0,0.0,0.0,1
771,-0.6,1.7,-0.2,0.3,-1.1,-0.2,0.0,-0.3,-1.0,0
772,0.6,-0.6,0.0,-0.5,0.6,0.7,-2.2,-0.0,-0.4,1
773,1.0,0.2,-0.2,-0.8,-0.1,-0.8,-1.2,-0.0,0.2,1
774,0.6,-0.7,-0.2,-1.1,-2.4,0.3,-1.1,0.1,-0.4,1
775,-1.6,-1.3,-1.3,-0.8,0.1,-1.3,0.8,1.7,2.1,0
776,-0.7,-0.6,-0.7,1.3,-0.4,0.5,0.9,0.4,0.4,0
777,-0.2,-0.0,-0.2,0.2,1.1,-0.4,0.3,0.0,0.0,0
778,-0.1,-0.4,-0.2,0.2,-1.2,0.0,0.8,0.1,0.0,0
779,0.6,-0.7,0.3,-0.1,-3.0,0.7,-0.2,-0.2,-0.4,1
780,0.2,-1.4,0.1,-0.0,0.3,-1.2,1.2,-0.1,-0.3,1
781,-1.3,-0.1,-1.0,0.4,-0.2,-0.7,0.0,0.1,0.1,0
782,0.4,-1.5,-0.9,-0.4,-2.1,0.5,0.1,1.4,-0.6,1
783,0.6,0.8,0.0,-0.7,-1.0,2.1,-0.3,0.0,0.5,1
784,0.6,0.1,0.1,0.3,2.8,-0.1,0.7,0.0,0.1,1
785,1.1,-1.5,-0.1,-0.6,-0.4,0.6,-0.4,0.2,-1.6,1
786,0.8,-0.3,-0.1,0.3,0.7,-0.1,1.0,0.0,-0.2,1
787,0.5,-0.8,-0.6,-0.4,-1.0,1.9,-1.1,0.5,-0.4,0
788,-0.1,0.3,-0.2,-0.0,-2.2,-1.7,-1.1,-0.1,-0.0,0
789,-1.7,1.3,-0.4,-2.2,-0.4,0.1,0.7,-0.5,-2.2,0
790,0.4,-1.9,-0.1,0.2,-0.3,-1.6,-0.1,0.2,-0.8,1
791,0.2,0.1,-0.1,-0.1,-0.4,-2.5,-0.5,-0.0,0.0,0
792,0.3,-0.2,-0.1,0.1,-0.2,0.3,0.9,0.0,-0.1,0
793,-1.3,0.7,-0.9,0.3,-0.2,0.1,-0.6,-0.6,-0.9,0
794,-1.1,0.2,-0.5,-0.0,-0.4,-0.3,-0.2,-0.1,-0.2,0
795,1.1,-0.8,-0.1,-0.4,-1.3,-0.1,1.4,0.1,-0.9,1
796,-0.0,-0.3,0.2,0.0,0.6,3.1,1.5,-0.1,0.0,0
797,0.7,-0.8,-0.8,0.1,-2.3,-0.3,1.6,0.6,-0.6,0
798,0.0,1.1,0.2,-0.0,-2.0,0.5,-0.3,0.2,0.0,0
799,0.0,0.0,0.2,-0.0,0.8,-0.6,1.2,0.0,0.0,0
800,0.9,1.9,1.1,-1.2,1.1,0.3,-0.9,2.1,1.7,1
801,-0.5,-0.1,1.1,0.8,0.5,-0.2,-0.9,-0.1,0.0,1
802,0.1,-0.7,0.0,-0.1,-1.4,-0.4,-2.4,-0.0,-0.1,0
803,-0.5,-1.5,-1.2,-0.1,-1.3,1.8,1.7,1.8,0.8,0
804,-0.4,-1.8,-0.8,0.4,-0.7,1.2,-0.9,1.4,0.7,1
805,-0.3,-1.6,-1.5,-0.2,-2.3,0.1,-0.1,2.4,0.5,0
806,0.2,0.3,0.1,0.0,-0.7,-2.3,-0.9,0.0,0.1,1
807,-0.5,0.5,-0.5,1.0,0.4,-0.4,0.7,-0.2,-0.2,0
808,1.3,-1.6,0.6,0.9,1.7,2.7,-0.4,-1.0,-2.1,1
809,-0.9,0.9,-0.5,-0.7,-0.7,-0.2,-1.3,-0.4,-0.8,0
810,-0.2,-0.5,-0.3,0.2,0.6,1.1,0.4,0.2,0.1,1
811,-0.4,0.1,-0.5,-0.2,-2.2,1.4,-1.4,-0.0,-0.0,0
812,1.4,1.6,2.0,-1.2,1.7,0.2,-0.8,3.2,2.2,1
813,0.2,0.9,0.2,0.0,-0.7,-0.8,-2.1,0.2,0.2,0
814,1.0,-0.3,1.3,-1.3,1.0,-2.4,-1.4,-0.4,-0.3,1
815,-1.5,-0.9,-0.6,2.7,-0.5,0.7,0.2,0.5,1.4,0
816,0.3,-2.2,-0.3,-0.1,1.2,-0.8,-2.0,0.7,-0.7,1
817,0.9,-0.7,0.4,-0.1,-0.7,0.2,-1.5,-0.3,-0.6,1
818,0.1,-0.2,0.2,-0.0,0.7,-1.2,-0.0,-0.0,-0.0,1
819,1.1,-1.0,-0.7,-1.3,-0.6,-0.3,-0.5,0.7,-1.1,1
820,-0.5,-0.1,-0.4,0.2,-0.4,0.0,2.0,0.0,0.0,0
821,1.4,0.1,1.2,0.4,0.4,0.3,1.8,0.1,0.1,1
822,2.3,-0.2,1.1,-0.1,-0.3,-1.1,-0.9,-0.2,-0.5,1
823,-0.4,-0.7,-1.1,-0.1,-0.6,1.2,0.6,0.8,0.3,0
824,-0.4,0.2,-0.2,0.3,-0.2,-0.6,0.7,-0.0,-0.1,0
825,1.5,0.4,1.7,1.8,1.1,-1.7,-0.6,0.7,0.6,1
826,1.6,-1.1,1.1,-1.9,0.6,-0.1,-1.5,-1.2,-1.8,1
827,-0.5,1.4,0.1,-0.2,0.8,0.0,-0.0,0.1,-0.7,0
828,-0.4,-0.1,0.2,-0.5,1.0,0.2,-0.2,-0.0,0.0,0
829,-0.3,0.0,-0.3,-0.1,-1.2,1.4,-0.4,-0.0,-0.0,0
830,-1.3,0.7,-1.3,0.3,0.2,-0.2,0.4,-0.9,-0.9,0
831,-0.9,0.2,-0.9,0.5,-1.6,-0.1,-0.8,-0.2,-0.2,0
832,-1.0,1.0,0.6,-1.0,0.9,-1.1,-1.2,0.6,-1.0,0
833,-0.8,0.3,-0.4,1.1,0.4,0.8,0.1,-0.1,-0.2,0
834,-0.0,-0.6,-0.3,0.0,-2.1,0.2,0.4,0.2,0.0,1
835,0.2,0.4,0.1,-0.1,0.1,-0.4,-1.2,0.0,0.1,0
836,1.6,-1.1,1.4,2.0,0.2,-1.9,0.9,-1.5,-1.8,1
837,-1.0,0.1,0.3,-0.4,-0.6,1.4,-1.8,0.0,-0.1,0
838,1.0,-0.0,1.6,-1.0,2.2,-1.2,-0.6,-0.0,-0.0,1
839,-0.2,-0.2,-0.2,0.1,-0.8,-0.6,-0.3,0.0,0.0,0
840,-0.0,-0.1,0.1,0.0,-0.8,0.4,-0.6,-0.0,0.0,1
841,0.7,-1.9,-1.0,-0.5,-0.4,-1.2,-0.6,1.9,-1.3,1
842,-1.1,-0.5,0.0,-1.1,0.7,-1.5,1.9,-0.0,0.6,1
843,0.4,0.1,-0.4,-0.5,-0.3,-2.1,-0.9,-0.0,0.0,0
844,0.2,0.2,0.3,0.3,1.3,0.7,2.4,0.1,0.0,1
845,0.5,-1.0,-0.6,0.4,0.2,-0.5,0.4,0.6,-0.5,1
846,0.3,1.3,0.2,0.3,-2.1,2.9,0.1,0.3,0.4,0
847,2.5,-0.9,0.6,-1.2,-0.2,-1.0,0.5,-0.5,-2.2,1
848,-0.6,1.0,-0.3,0.1,-0.7,-0.9,2.5,-0.3,-0.6,0
849,-0.5,0.4,-0.4,0.7,0.3,-0.6,-1.0,-0.2,-0.2,0
850,-0.6,-0.6,-0.8,0.3,-3.0,0.2,-1.1,0.5,0.4,1
851,-0.6,1.8,0.7,-0.3,2.9,-0.5,-0.8,1.3,-1.1,0
852,-0.6,-1.2,-1.2,-0.8,-0.1,0.6,0.0,1.4,0.7,0
853,1.2,0.9,1.0,-1.3,0.6,-1.0,-1.7,0.9,1.1,1
854,1.4,1.0,1.6,-0.5,2.0,-1.4,0.0,1.6,1.4,1
855,-0.6,-0.7,-0.8,0.1,1.9,-1.8,1.7,0.6,0.4,0
856,-0.8,1.4,-0.3,1.1,0.7,-2.2,0.2,-0.4,-1.1,0
857,0.5,-0.3,0.0,0.3,0.9,-0.5,-0.3,-0.0,-0.2,0
858,-0.6,0.3,0.4,0.4,0.3,-0.3,-0.6,0.1,-0.2,0
859,0.6,0.3,0.5,-0.1,0.1,-0.6,0.9,0.2,0.2,1
860,0.2,-0.1,-0.2,-0.1,-0.6,1.2,-0.8,0.0,-0.0,1
861,-1.5,0.8,-0.3,1.2,-1.0,1.2,1.8,-0.2,-1.2,0
862,1.5,0.8,0.4,-0.0,-0.5,-0.3,1.9,0.3,1.2,1
863,1.8,-1.7,0.7,-0.4,-1.0,-1.8,0.3,-1.2,-3.1,1
864,-0.6,1.3,0.3,0.2,0.1,-0.6,-0.0,0.4,-0.8,0
865,-0.4,-1.7,-0.9,0.3,-2.1,-0.6,1.0,1.5,0.7,0
866,0.3,1.0,0.0,0.1,0.2,-0.7,1.1,0.0,0.3,1
867,0.3,1.1,0.0,0.5,-0.0,-0.7,-0.8,0.0,0.3,1
868,0.7,-1.1,0.3,0.1,0.3,-0.7,-0.5,-0.3,-0.8,1
869,2.0,-0.4,1.5,2.0,0.2,-0.4,-1.3,-0.6,-0.8,1
870,-0.2,-1.1,-0.7,0.3,2.7,-0.6,0.4,0.8,0.2,1
871,-0.8,-0.2,-0.2,-0.1,1.3,0.2,0.7,0.0,0.2,1
872,-1.4,-0.3,-1.8,1.5,-2.1,0.4,-1.3,0.5,0.4,0
873,-0.7,0.8,-0.4,1.0,0.0,-0.9,-0.5,-0.3,-0.6,0
874,-0.0,1.3,0.4,0.0,-0.4,1.3,-1.3,0.5,-0.0,1
875,1.8,1.4,0.9,2.1,-0.6,-1.0,-0.9,1.3,2.5,1
876,-0.5,-0.6,-0.9,-0.5,-1.8,-1.6,0.6,0.5,0.3,0
877,0.2,-0.2,-0.3,0.0,0.3,0.4,-0.7,0.1,-0.0,1
878,-0.0,-1.7,-0.4,0.0,-0.9,-0.8,-0.3,0.7,0.0,1
879,1.2,-0.8,0.3,-0.2,1.1,0.3,-1.6,-0.2,-1.0,1
880,2.5,1.0,0.4,0.8,1.2,-2.4,0.2,0.4,2.5,1
881,-0.5,1.6,-0.8,-0.1,1.0,1.4,-0.0,-1.3,-0.8,0
882,-0.5,-1.2,-0.9,0.9,-1.3,0.7,-0.7,1.1,0.6,1
883,1.0,-0.6,0.5,-0.9,0.7,-1.5,-0.2,-0.3,-0.6,1
884,0.7,-0.0,-1.0,-0.0,0.1,-1.5,0.2,0.0,-0.0,0
885,1.8,0.3,0.7,1.0,-0.1,1.7,-0.8,0.2,0.5,1
886,0.6,-0.8,-0.2,-1.3,-0.9,-0.7,-1.5,0.2,-0.5,1
887,-0.4,0.4,0.6,0.1,1.9,-0.8,1.8,0.2,-0.2,0
888,0.6,-0.5,-0.0,0.1,0.2,-2.3,-0.6,0.0,-0.3,1
889,1.1,-0.0,0.7,0.9,1.0,-0.4,-0.1,-0.0,-0.0,1
890,0.8,0.5,0.6,0.6,-0.5,-0.2,1.0,0.3,0.4,1
891,0.5,0.0,-0.8,0.3,-1.6,0.7,3.5,-0.0,0.0,1
892,1.1,-0.4,0.8,-0.9,-0.2,-1.4,-1.2,-0.3,-0.4,1
893,1.2,-0.1,0.7,-2.3,0.2,-1.5,0.4,-0.1,-0.1,1
894,1.4,-0.1,0.9,-0.6,-0.6,0.5,-0.7,-0.1,-0.1,1
895,0.6,-0.4,2.1,0.6,1.0,1.0,-0.5,-0.8,-0.2,1
896,-0.2,-0.3,-1.2,-0.3,-2.3,-1.6,-0.7,0.4,0.1,0
897,0.1,1.6,1.4,0.1,-0.4,1.1,-1.1,2.2,0.2,1
898,1.2,0.6,0.6,0.5,1.0,0.0,-0.0,0.4,0.7,1
899,-0.8,-0.3,-0.3,-0.3,0.5,1.1,-1.5,0.1,0.2,0
900,0.4,0.7,0.4,-0.2,-0.2,-0.1,0.9,0.3,0.3,0
901,-0.4,-0.3,-0.5,0.1,-1.3,-2.5,0.1,0.2,0.1,0
902,0.0,1.2,0.1,0.0,-1.0,-0.2,0.4,0.1,0.0,0
903,1.3,0.4,0.9,-1.2,0.1,1.1,-0.5,0.4,0.5,1
904,0.2,-0.1,-0.7,0.3,0.3,-0.9,-0.4,0.1,-0.0,1
905,0.0,0.4,0.5,-0.0,1.2,-0.4,0.3,0.2,0.0,1
906,-1.4,-1.6,-1.4,-1.9,-1.2,-0.2,-1.2,2.2,2.2,0
907,0.7,-1.1,-0.5,-1.0,-1.4,-2.9,-0.4,0.6,-0.8,1
908,0.6,-1.2,-0.3,0.4,0.1,1.7,-0.9,0.4,-0.7,1
909,2.2,0.1,1.8,-1.6,0.1,-0.9,-0.9,0.2,0.2,1
910,-0.3,1.7,0.1,0.4,-0.5,0.5,-2.1,0.2,-0.5,0
911,0.2,2.2,0.9,0.0,1.8,-0.1,1.3,2.0,0.4,0
912,0.2,0.6,-0.1,0.2,0.8,1.3,-0.7,-0.1,0.1,0
913,1.6,0.5,1.3,-1.4,0.8,0.4,1.2,0.6,0.8,1
914,-0.1,-1.8,-0.2,0.1,-1.4,-0.2,1.1,0.4,0.2,1
915,0.3,-0.5,0.9,-0.0,0.7,-0.9,-1.3,-0.4,-0.2,1
916,0.6,-0.8,-0.0,-0.1,1.1,0.8,-1.1,0.0,-0.5,1
917,0.2,-0.6,0.3,0.1,-0.2,-1.9,2.6,-0.2,-0.1,1
918,-0.4,-0.2,-0.2,-0.4,1.3,0.6,1.8,0.0,0.1,0
919,0.2,-0.5,0.6,-0.0,1.6,-1.1,-0.0,-0.3,-0.1,1
920,1.1,-2.0,-0.4,2.0,1.5,1.3,0.3,0.8,-2.2,1
921,-1.0,0.7,0.1,-0.2,0.4,0.2,-0.6,0.1,-0.7,0
922,0.1,-1.1,-0.4,-0.0,0.4,0.6,0.4,0.4,-0.1,0
923,-0.7,0.2,-0.3,1.1,1.3,0.1,-0.7,-0.1,-0.1,0
924,1.2,2.1,1.3,-0.3,1.1,-1.8,-2.0,2.7,2.5,1
925,-1.5,-0.9,-0.9,0.5,-1.0,-0.9,-1.3,0.8,1.4,0
926,-0.6,-2.5,-1.1,-0.6,-1.0,0.7,0.0,2.8,1.5,1
927,0.4,-0.3,0.2,0.2,0.3,0.2,-1.1,-0.1,-0.1,1
928,1.6,1.1,1.9,-1.9,-0.3,1.2,-0.1,2.1,1.8,1
929,-0.1,2.0,1.0,-0.0,0.4,0.4,-1.1,2.0,-0.2,0
930,-0.6,-1.2,-0.2,-0.4,1.0,-1.0,-0.8,0.2,0.7,1
931,1.9,0.5,0.9,2.9,-1.7,-0.8,0.9,0.4,1.0,1
932,-1.4,-0.5,-1.3,-1.2,0.9,0.1,0.2,0.6,0.7,0
933,-2.2,-0.1,-0.7,-1.7,0.8,-2.3,-0.0,0.1,0.2,0
934,0.4,2.6,1.4,0.0,0.2,1.7,0.9,3.6,1.0,1
935,-0.5,-1.5,0.0,-0.2,0.5,0.4,0.5,-0.0,0.8,1
936,-1.0,0.3,-0.7,-1.2,-0.3,1.2,1.4,-0.2,-0.3,0
937,0.7,0.5,0.4,-0.9,1.4,-1.6,-0.5,0.2,0.4,1
938,0.2,1.1,-0.4,-0.1,0.8,1.2,-0.4,-0.4,0.2,0
939,-0.6,0.1,-0.5,0.5,-1.7,2.2,-1.3,-0.0,-0.1,0
940,-1.3,0.3,-0.1,-0.5,0.5,-1.3,-0.4,-0.0,-0.4,0
941,0.9,-0.4,0.1,1.1,-0.2,0.8,1.0,-0.0,-0.4,1
942,0.7,0.3,0.8,-0.4,0.5,0.0,1.3,0.2,0.2,1
943,-0.1,-0.3,-0.2,0.2,-0.8,-1.5,1.0,0.1,0.0,1
944,1.8,0.6,1.2,-0.7,2.3,0.5,-1.8,0.7,1.1,1
945,-1.1,-0.4,-1.2,-1.0,0.4,0.8,1.1,0.5,0.4,0
946,-1.5,0.4,-0.6,-0.8,-1.0,-0.6,-1.8,-0.2,-0.6,0
947,-0.7,-0.0,-1.8,-0.3,-2.2,1.2,0.9,0.0,0.0,0
948,-0.0,1.1,0.2,0.0,-0.3,-1.7,-0.4,0.2,-0.0,0
949,0.2,-0.1,-0.7,-0.3,0.1,-1.5,0.7,0.1,-0.0,0
950,-0.2,-1.8,-0.0,-0.1,0.2,0.1,-1.3,0.0,0.4,1
951,0.4,1.3,1.0,-0.3,1.8,0.0,1.2,1.3,0.5,1
952,-1.3,-0.9,-0.7,-2.8,0.4,-0.7,-1.5,0.6,1.2,0
953,1.4,-0.7,1.3,0.8,1.6,0.8,-0.7,-0.9,-1.0,1
954,-0.1,-0.6,-0.7,0.1,-0.0,0.5,-1.0,0.4,0.1,1
955,1.1,1.4,1.8,-0.7,-0.5,0.9,-1.8,2.5,1.5,1
956,0.3,-2.1,-0.0,-0.0,-0.2,-0.1,0.1,0.0,-0.6,1
957,0.5,3.1,1.1,-0.1,1.6,0.6,1.8,3.4,1.6,1
958,0.6,1.1,1.2,0.7,0.5,-0.4,2.7,1.3,0.7,1
959,0.4,0.2,-0.3,0.1,0.4,2.1,0.1,-0.1,0.1,0
960,0.6,-0.1,-0.1,-0.4,-0.4,-0.8,1.1,0.0,-0.1,0
961,1.3,0.3,0.4,2.5,-0.8,2.1,0.2,0.1,0.4,1
962,0.2,0.5,-0.0,0.0,-0.1,0.0,0.5,-0.0,0.1,0
963,0.7,0.6,0.0,0.5,0.3,-1.4,-0.3,0.0,0.4,1
964,-0.1,0.6,0.7,0.1,-0.3,1.4,0.2,0.4,-0.1,0
965,1.4,0.1,0.6,0.5,0.1,0.1,0.5,0.1,0.1,1
966,-0.7,-0.2,-0.2,-0.2,-1.0,0.9,-0.6,0.0,0.1,0
967,1.8,-0.2,0.6,-3.4,1.4,1.2,-0.1,-0.1,-0.4,1
968,-0.0,-0.2,-1.0,-0.0,-0.8,0.3,-0.1,0.2,0.0,0
969,-1.4,1.1,-0.2,-1.8,1.4,-0.6,0.8,-0.2,-1.5,0
970,0.1,0.6,-0.7,-0.0,1.2,1.0,-1.1,-0.4,0.1,0
971,-0.7,-2.9,-1.3,0.8,-0.7,0.0,-0.1,3.8,2.0,1
972,0.8,0.7,-0.1,0.3,-1.1,0.7,1.9,-0.1,0.6,0
973,-0.7,0.2,0.7,-0.1,-1.7,-2.2,1.2,0.1,-0.1,0
974,-0.4,-0.0,0.3,-0.1,-1.3,0.4,1.3,-0.0,0.0,0
975,-1.9,-0.4,-1.0,-0.4,-1.9,-0.6,0.0,0.4,0.8,0
976,-0.5,1.1,0.7,-0.3,1.7,1.7,0.3,0.8,-0.6,0
977,-2.4,0.9,-1.4,-3.5,-0.6,0.6,1.0,-1.3,-2.2,0
978,-1.6,-0.8,-0.8,-0.9,-0.0,0.2,1.6,0.6,1.3,0
979,0.8,0.4,0.6,-0.8,-1.9,0.5,-2.0,0.2,0.3,1
980,0.8,-1.0,0.2,1.1,-1.1,-1.0,-1.3,-0.2,-0.8,1
981,0.4,-1.4,0.4,0.7,1.1,1.6,1.3,-0.6,-0.6,1
982,-1.0,-0.6,-0.3,-3.2,0.1,2.0,-0.3,0.2,0.6,0
983,-0.0,0.9,0.4,0.0,0.1,0.4,-0.7,0.4,-0.0,1
984,-0.0,1.0,-0.5,-0.0,0.3,1.6,-1.3,-0.5,-0.0,0
985,-1.2,0.5,-0.9,2.5,1.2,-0.6,-0.6,-0.4,-0.6,0
986,1.5,0.7,0.9,0.8,0.2,-0.8,-1.4,0.6,1.0,1
987,0.9,0.5,0.6,-0.5,0.4,0.0,2.1,0.3,0.4,1
988,-0.2,-0.6,-0.8,-0.4,-0.2,0.4,-0.0,0.5,0.1,0
989,0.0,0.4,1.3,-0.0,3.0,-0.4,-0.1,0.5,0.0,1
990,0.2,0.8,1.1,-0.3,-1.5,0.5,0.6,0.9,0.2,1
991,-2.0,0.8,-0.5,0.9,0.4,0.3,1.0,-0.4,-1.6,0
992,-0.2,1.2,0.3,0.4,0.0,-1.0,0.9,0.4,-0.2,1
993,-0.7,0.7,-0.2,-0.5,0.5,0.5,1.1,-0.1,-0.5,0
994,-1.0,0.4,-0.9,2.1,-1.1,0.9,-0.6,-0.4,-0.4,0
995,-0.3,1.1,0.2,-0.0,0.1,0.2,-0.3,0.2,-0.3,1
996,1.8,-0.0,1.0,-3.7,1.2,1.2,0.8,-0.0,-0.0,1
997,0.6,-0.9,-0.6,-0.2,2.8,-1.2,-0.5,0.5,-0.5,0
998,-0.6,-0.2,-0.2,-1.0,0.7,0.5,-0.0,0.0,0.1,1
999,0.6,-0.7,0.0,0.2,-0.8,-1.2,0.4,-0.0,-0.4,1
